com.samsung.health.respiratory_rate,6311013,2
create_sh_ver,start_time,custom,binning_data,modify_sh_ver,average,lower_limit,update_time,create_time,client_data_id,upper_limit,client_data_ver,is_outlier,pplib_version,time_offset,deviceuuid,comment,pkg_name,end_time,datauuid
62981551,2025-08-02 01:01:00.000,,2d2c178e-80fc-49ec-b703-12feef251273.binning_data.json,62981551,16.261068,0.0,2025-08-02 08:35:58.414,2025-08-02 08:35:58.414,,0.0,,0,1.01.04,UTC+0200,YDRm/TcCOZ,,com.sec.android.app.shealth,2025-08-02 08:35:00.000,2d2c178e-80fc-49ec-b703-12feef251273,
62981551,2025-08-03 07:02:00.000,,c85e90f3-10cf-43f3-a334-464eb5daf0d6.binning_data.json,62981551,15.841934,0.0,2025-08-03 09:46:06.843,2025-08-03 09:46:06.843,,0.0,,0,1.01.04,UTC+0200,YDRm/TcCOZ,,com.sec.android.app.shealth,2025-08-03 09:46:00.000,c85e90f3-10cf-43f3-a334-464eb5daf0d6,
62981551,2025-08-03 09:58:00.000,,4dfadc27-8ea0-4603-a841-9ec004c7c40d.binning_data.json,62981551,16.076513,0.0,2025-08-03 12:50:26.039,2025-08-03 12:50:26.039,,0.0,,0,1.01.04,UTC+0200,YDRm/TcCOZ,,com.sec.android.app.shealth,2025-08-03 12:50:00.000,4dfadc27-8ea0-4603-a841-9ec004c7c40d,
62981551,2025-08-04 01:34:00.000,,c1730378-bcf9-4a77-9d94-fad60019e0eb.binning_data.json,62981551,16.176777,15.942816,2025-08-04 10:29:25.931,2025-08-04 10:29:25.931,,16.369474,,0,1.01.04,UTC+0200,YDRm/TcCOZ,,com.sec.android.app.shealth,2025-08-04 10:12:00.000,c1730378-bcf9-4a77-9d94-fad60019e0eb,
62981551,2025-08-08 08:10:00.000,,ddc8f839-830f-404b-bb23-60b26dbaeb7e.binning_data.json,62981551,15.624151,15.7897,2025-08-08 09:55:42.255,2025-08-08 09:55:42.255,,16.448215,,1,1.01.04,UTC+0200,VhFspb+oN4,,com.sec.android.app.shealth,2025-08-08 09:55:00.000,ddc8f839-830f-404b-bb23-60b26dbaeb7e,
62981551,2025-08-08 19:36:00.000,,4271301d-cc75-422e-8b29-0e9708ca8f0c.binning_data.json,62981551,15.977289,15.918261,2025-08-09 02:59:36.287,2025-08-09 02:59:36.287,,16.302317,,0,1.01.04,UTC+0200,VhFspb+oN4,,com.sec.android.app.shealth,2025-08-09 02:53:00.000,4271301d-cc75-422e-8b29-0e9708ca8f0c,
62981551,2025-08-10 00:06:00.000,,1ca31a3f-5fd8-4375-a7ee-a09701c07564.binning_data.json,62981551,15.772821,15.831294,2025-08-10 06:20:27.828,2025-08-10 06:20:27.828,,16.273453,,1,1.01.04,UTC+0200,VhFspb+oN4,,com.sec.android.app.shealth,2025-08-10 06:10:00.000,1ca31a3f-5fd8-4375-a7ee-a09701c07564,
62981551,2025-08-11 02:32:00.000,,fb3ea47f-1d54-441e-a677-89593053c81f.binning_data.json,62981551,16.049923,15.926424,2025-08-11 07:54:41.473,2025-08-11 07:54:41.473,,16.275488,,0,1.01.04,UTC+0200,VhFspb+oN4,,com.sec.android.app.shealth,2025-08-11 07:49:00.000,fb3ea47f-1d54-441e-a677-89593053c81f,
62981551,2025-08-12 00:30:00.000,,d72ea753-1023-49d3-99a0-3b7d8ee222c5.binning_data.json,62981551,16.026133,15.92605,2025-08-12 08:33:44.352,2025-08-12 08:33:44.352,,16.247164,,0,1.01.04,UTC+0200,VhFspb+oN4,,com.sec.android.app.shealth,2025-08-12 08:33:00.000,d72ea753-1023-49d3-99a0-3b7d8ee222c5,
62981551,2025-08-14 06:59:00.000,,116a47d4-ac09-4fcf-9580-7c7d597d241d.binning_data.json,62981551,15.542872,15.757273,2025-08-14 13:06:07.695,2025-08-14 13:06:07.695,,16.277987,,1,1.01.04,UTC+0200,VhFspb+oN4,,com.sec.android.app.shealth,2025-08-14 13:05:00.000,116a47d4-ac09-4fcf-9580-7c7d597d241d,
62981551,2025-08-14 21:07:00.000,,10061012-63b9-430a-8d49-6bbe390d129b.binning_data.json,62981551,15.850537,15.885721,2025-08-15 03:01:33.724,2025-08-15 03:01:33.724,,16.231825,,1,1.01.04,UTC+0200,VhFspb+oN4,,com.sec.android.app.shealth,2025-08-15 02:58:00.000,10061012-63b9-430a-8d49-6bbe390d129b,
62981551,2025-08-15 23:01:00.000,,8acde706-b293-4f92-92cb-3ca8cf29d5c0.binning_data.json,62981551,16.035795,15.929539,2025-08-16 06:02:23.970,2025-08-16 06:02:23.970,,16.229141,,0,1.01.04,UTC+0200,VhFspb+oN4,,com.sec.android.app.shealth,2025-08-16 06:02:00.000,8acde706-b293-4f92-92cb-3ca8cf29d5c0,
62981551,2025-08-17 04:12:00.000,,665c8a72-0b2e-44f8-88eb-f015c47eb58e.binning_data.json,62981551,16.36266,15.916019,2025-08-17 08:32:08.041,2025-08-17 08:32:08.041,,16.284138,,1,1.01.04,UTC+0200,VhFspb+oN4,,com.sec.android.app.shealth,2025-08-17 08:07:00.000,665c8a72-0b2e-44f8-88eb-f015c47eb58e,
62981551,2025-08-17 22:49:00.000,,29a2a285-98fd-4e6c-90e3-4061eb493b71.binning_data.json,62981551,16.353735,15.928686,2025-08-18 05:34:41.708,2025-08-18 05:34:41.708,,16.296106,,1,1.01.04,UTC+0200,VhFspb+oN4,,com.sec.android.app.shealth,2025-08-18 05:34:00.000,29a2a285-98fd-4e6c-90e3-4061eb493b71,
62981551,2025-08-18 23:38:00.000,,dd344878-a22f-469e-8f46-826c768d829e.binning_data.json,62981551,16.142128,15.903744,2025-08-19 05:19:58.839,2025-08-19 05:19:58.839,,16.37796,,0,1.01.04,UTC+0200,VhFspb+oN4,,com.sec.android.app.shealth,2025-08-19 05:11:00.000,dd344878-a22f-469e-8f46-826c768d829e,
62981551,2025-08-20 01:58:00.000,,bf349baf-6350-458f-a6fc-56540dc856aa.binning_data.json,62981551,16.088835,15.942815,2025-08-20 09:36:20.076,2025-08-20 09:36:20.076,,16.369473,,0,1.01.04,UTC+0200,VhFspb+oN4,,com.sec.android.app.shealth,2025-08-20 09:31:00.000,bf349baf-6350-458f-a6fc-56540dc856aa,
62981551,2025-08-21 02:40:00.000,,b242029d-1aa4-44c9-872e-0622d92d7982.binning_data.json,62981551,16.765198,15.942815,2025-08-21 08:47:17.969,2025-08-21 08:47:17.969,,16.369473,,1,1.01.04,UTC+0200,VhFspb+oN4,,com.sec.android.app.shealth,2025-08-21 08:20:00.000,b242029d-1aa4-44c9-872e-0622d92d7982,
62981551,2025-08-21 08:48:00.000,,92becce1-5a07-4161-a2ce-f29260373811.binning_data.json,62981551,16.516922,15.942815,2025-08-21 09:56:04.653,2025-08-21 09:56:04.653,,16.369473,,1,1.01.04,UTC+0200,VhFspb+oN4,,com.sec.android.app.shealth,2025-08-21 09:55:00.000,92becce1-5a07-4161-a2ce-f29260373811,
62981551,2025-08-22 00:17:00.000,,77a75e85-c1d2-4821-b1ca-ebbb5e5f4bf8.binning_data.json,62981551,15.834683,15.942815,2025-08-22 07:53:53.559,2025-08-22 07:53:53.559,,16.369473,,1,1.01.04,UTC+0200,VhFspb+oN4,,com.sec.android.app.shealth,2025-08-22 07:28:00.000,77a75e85-c1d2-4821-b1ca-ebbb5e5f4bf8,
62981551,2025-08-23 06:56:00.000,,e8ef8eeb-d8d7-4183-9496-62784cc16e2c.binning_data.json,62981551,14.91508,15.942815,2025-08-23 09:07:30.647,2025-08-23 09:07:30.647,,16.369473,,1,1.01.04,UTC+0200,VhFspb+oN4,,com.sec.android.app.shealth,2025-08-23 08:37:00.000,e8ef8eeb-d8d7-4183-9496-62784cc16e2c,
62981551,2025-08-23 10:29:00.000,,79e03743-c269-4806-b945-777b5a602ee8.binning_data.json,62981551,15.943293,15.942815,2025-08-23 12:52:45.809,2025-08-23 12:52:45.809,,16.369473,,0,1.01.04,UTC+0200,VhFspb+oN4,,com.sec.android.app.shealth,2025-08-23 12:42:00.000,79e03743-c269-4806-b945-777b5a602ee8,
62981551,2025-08-23 22:44:00.000,,8d797288-fded-4984-867a-397fd341ee22.binning_data.json,62981551,15.570909,15.918261,2025-08-24 07:44:47.841,2025-08-24 07:44:47.841,,16.302317,,1,1.01.04,UTC+0200,VhFspb+oN4,,com.sec.android.app.shealth,2025-08-24 07:10:00.000,8d797288-fded-4984-867a-397fd341ee22,
62981551,2025-08-24 22:11:00.000,,285fff82-5824-4afc-8680-03d03072ee07.binning_data.json,62981551,15.755112,15.918261,2025-08-25 03:55:19.472,2025-08-25 03:55:19.472,,16.302317,,1,1.01.04,UTC+0200,VhFspb+oN4,,com.sec.android.app.shealth,2025-08-25 03:55:00.000,285fff82-5824-4afc-8680-03d03072ee07,
62981551,2025-08-26 03:52:00.000,,725b13da-0009-4192-ad49-f1794635fcb4.binning_data.json,62981551,16.213968,15.926424,2025-08-26 08:59:58.484,2025-08-26 08:59:58.484,,16.275488,,0,1.01.04,UTC+0200,VhFspb+oN4,,com.sec.android.app.shealth,2025-08-26 08:49:00.000,725b13da-0009-4192-ad49-f1794635fcb4,
62981551,2025-08-26 22:26:00.000,,1374b8c8-9da1-428e-83c2-ecc83656ba8f.binning_data.json,62981551,15.530537,15.926424,2025-08-27 07:55:28.507,2025-08-27 07:55:28.507,,16.275488,,1,1.01.04,UTC+0200,VhFspb+oN4,,com.sec.android.app.shealth,2025-08-27 07:48:00.000,1374b8c8-9da1-428e-83c2-ecc83656ba8f,
62981551,2025-08-28 00:18:00.000,,7ac8f55e-0fd8-4b9d-aa35-017f9f3e2023.binning_data.json,62981551,15.52025,15.92605,2025-08-28 07:13:45.730,2025-08-28 07:13:45.730,,16.247164,,1,1.01.04,UTC+0200,VhFspb+oN4,,com.sec.android.app.shealth,2025-08-28 07:12:00.000,7ac8f55e-0fd8-4b9d-aa35-017f9f3e2023,
62981551,2025-08-29 23:26:00.000,,bab4202a-8175-446f-b4c3-175f96166426.binning_data.json,62981551,15.824842,15.918588,2025-08-30 07:05:06.416,2025-08-30 07:05:06.416,,16.18031,,1,1.01.04,UTC+0200,VhFspb+oN4,,com.sec.android.app.shealth,2025-08-30 07:05:00.000,bab4202a-8175-446f-b4c3-175f96166426,
62981551,2025-08-30 21:37:00.000,,049e52bd-b2f8-4bee-9336-92487530ffb7.binning_data.json,62981551,15.667044,15.975461,2025-08-31 06:09:03.577,2025-08-31 06:09:03.577,,16.14219,,1,1.01.04,UTC+0200,VhFspb+oN4,,com.sec.android.app.shealth,2025-08-31 05:42:00.000,049e52bd-b2f8-4bee-9336-92487530ffb7,
62981551,2025-09-01 02:56:00.000,,a5f822c1-ceb1-4aad-9f4e-67f95c74938e.binning_data.json,62981551,16.025759,15.985843,2025-09-01 08:19:59.178,2025-09-01 08:19:59.178,,16.054363,,0,1.01.04,UTC+0200,VhFspb+oN4,,com.sec.android.app.shealth,2025-09-01 08:13:00.000,a5f822c1-ceb1-4aad-9f4e-67f95c74938e,
62981551,2025-09-03 01:06:00.000,,43556464-d765-4778-8ad0-c5e6b656ab86.binning_data.json,62981551,15.765226,15.973188,2025-09-03 09:20:00.148,2025-09-03 09:20:00.148,,16.108397,,1,1.01.04,UTC+0200,VhFspb+oN4,,com.sec.android.app.shealth,2025-09-03 08:53:00.000,43556464-d765-4778-8ad0-c5e6b656ab86,
62981551,2025-09-05 00:04:00.000,,181bfa8e-e35a-4d0c-b517-08f7052455d9.binning_data.json,62981551,15.531034,16.012383,2025-09-05 07:28:49.201,2025-09-05 07:28:49.201,,16.118954,,1,1.01.04,UTC+0200,VhFspb+oN4,,com.sec.android.app.shealth,2025-09-05 07:00:00.000,181bfa8e-e35a-4d0c-b517-08f7052455d9,
62981551,2025-09-05 22:04:00.000,,5deb7e57-0f25-4edc-97ec-609615ccea88.binning_data.json,62981551,15.901687,16.012383,2025-09-06 03:37:11.840,2025-09-06 03:37:11.840,,16.118954,,1,1.01.04,UTC+0200,VhFspb+oN4,,com.sec.android.app.shealth,2025-09-06 03:09:00.000,5deb7e57-0f25-4edc-97ec-609615ccea88,
62981551,2025-09-06 04:23:00.000,,c846f15e-1df4-4a82-8602-c3e4f6921499.binning_data.json,62981551,15.810764,16.012383,2025-09-06 05:53:33.508,2025-09-06 05:53:33.508,,16.118954,,1,1.01.04,UTC+0200,VhFspb+oN4,,com.sec.android.app.shealth,2025-09-06 05:41:00.000,c846f15e-1df4-4a82-8602-c3e4f6921499,
62981551,2025-09-06 23:26:00.000,,a96df492-3f5a-48bf-b1f9-285d6e7e1fb2.binning_data.json,62981551,15.703915,16.012383,2025-09-07 05:55:44.763,2025-09-07 05:55:44.763,,16.118954,,1,1.01.04,UTC+0200,VhFspb+oN4,,com.sec.android.app.shealth,2025-09-07 05:34:00.000,a96df492-3f5a-48bf-b1f9-285d6e7e1fb2,
62981551,2025-09-08 00:38:00.000,,13696bd2-cb52-47d8-ba6c-26809bef0f94.binning_data.json,62981551,15.809264,15.975338,2025-09-08 06:35:17.364,2025-09-08 06:35:17.364,,16.14463,,1,1.01.04,UTC+0200,VhFspb+oN4,,com.sec.android.app.shealth,2025-09-08 06:35:00.000,13696bd2-cb52-47d8-ba6c-26809bef0f94,
62981551,2025-09-08 06:59:00.000,,643b3daf-25d9-4305-a993-37c1ac9f285e.binning_data.json,62981551,15.612449,15.977141,2025-09-08 08:39:16.123,2025-09-08 08:39:16.123,,16.167116,,1,1.01.04,UTC+0200,VhFspb+oN4,,com.sec.android.app.shealth,2025-09-08 08:38:00.000,643b3daf-25d9-4305-a993-37c1ac9f285e,
62981551,2025-09-09 01:13:00.000,,52cc672d-5d4f-4ff2-98de-07325db7a140.binning_data.json,62981551,15.839983,15.977141,2025-09-09 07:56:26.014,2025-09-09 07:56:26.014,,16.167116,,1,1.01.04,UTC+0200,VhFspb+oN4,,com.sec.android.app.shealth,2025-09-09 07:44:00.000,52cc672d-5d4f-4ff2-98de-07325db7a140,
62981551,2025-09-10 01:30:00.000,,e7b8025f-cc91-4e33-a5e5-efbc5dd002be.binning_data.json,62981551,15.641204,15.981555,2025-09-10 09:20:10.283,2025-09-10 09:20:10.283,,16.214098,,1,1.01.04,UTC+0200,VhFspb+oN4,,com.sec.android.app.shealth,2025-09-10 08:50:00.000,e7b8025f-cc91-4e33-a5e5-efbc5dd002be,
62981551,2025-09-11 00:01:00.000,,6fd5f226-2665-4c98-abd1-81be68abc229.binning_data.json,62981551,15.435069,15.981555,2025-09-11 06:51:53.239,2025-09-11 06:51:53.239,,16.214098,,1,1.01.04,UTC+0200,VhFspb+oN4,,com.sec.android.app.shealth,2025-09-11 06:32:00.000,6fd5f226-2665-4c98-abd1-81be68abc229,
62981551,2025-09-11 20:59:00.000,,29c0d3fb-b4e9-4776-9257-b229aab44617.binning_data.json,62981551,15.969466,15.981555,2025-09-11 23:08:39.980,2025-09-11 23:08:39.980,,16.214098,,1,1.01.04,UTC+0200,VhFspb+oN4,,com.sec.android.app.shealth,2025-09-11 22:41:00.000,29c0d3fb-b4e9-4776-9257-b229aab44617,
62981551,2025-09-11 23:11:00.000,,e0cbb96d-8534-4ba0-8ce8-5691f45428cb.binning_data.json,62981551,15.338215,15.981555,2025-09-12 02:56:14.487,2025-09-12 02:56:14.487,,16.214098,,1,1.01.04,UTC+0200,VhFspb+oN4,,com.sec.android.app.shealth,2025-09-12 02:55:00.000,e0cbb96d-8534-4ba0-8ce8-5691f45428cb,
62981551,2025-09-12 21:15:00.000,,7bdee452-530b-42b9-92bc-842abcbae968.binning_data.json,62981551,15.882135,15.992017,2025-09-13 03:31:17.592,2025-09-13 03:31:17.592,,16.246225,,1,1.01.04,UTC+0200,VhFspb+oN4,,com.sec.android.app.shealth,2025-09-13 03:21:00.000,7bdee452-530b-42b9-92bc-842abcbae968,
62981551,2025-09-13 20:33:00.000,,6f2799ae-38a9-428d-9d27-ca088d970bd4.binning_data.json,62981551,16.6272,15.992017,2025-09-14 03:21:13.088,2025-09-14 03:21:13.088,,16.246225,,1,1.01.04,UTC+0200,VhFspb+oN4,,com.sec.android.app.shealth,2025-09-14 03:21:00.000,6f2799ae-38a9-428d-9d27-ca088d970bd4,
62981551,2025-09-14 20:50:00.000,,501ab6e0-1cfa-4880-8025-ea9602ef7caf.binning_data.json,62981551,16.27875,15.992017,2025-09-15 04:51:17.741,2025-09-15 04:51:17.741,,16.246225,,1,1.01.04,UTC+0200,VhFspb+oN4,,com.sec.android.app.shealth,2025-09-15 04:25:00.000,501ab6e0-1cfa-4880-8025-ea9602ef7caf,
62981551,2025-09-16 23:40:00.000,,430dece3-4b60-47c2-aef1-a315c388d4d3.binning_data.json,62981551,15.269727,15.942176,2025-09-17 08:00:02.761,2025-09-17 08:00:02.761,,16.233091,,1,1.01.04,UTC+0200,VhFspb+oN4,,com.sec.android.app.shealth,2025-09-17 07:32:00.000,430dece3-4b60-47c2-aef1-a315c388d4d3,
62981551,2025-09-17 21:01:00.000,,266d9f87-c4ae-4656-a484-6f0db77bd76d.binning_data.json,62981551,15.799727,15.942176,2025-09-18 04:54:25.004,2025-09-18 04:54:25.004,,16.233091,,1,1.01.04,UTC+0200,VhFspb+oN4,,com.sec.android.app.shealth,2025-09-18 04:48:00.000,266d9f87-c4ae-4656-a484-6f0db77bd76d,
62981551,2025-09-18 22:15:00.000,,98358eb4-32d3-42ce-862d-a235c4d42a83.binning_data.json,62981551,15.1443205,15.942176,2025-09-19 03:24:44.133,2025-09-19 03:24:44.133,,16.233091,,1,1.01.04,UTC+0200,VhFspb+oN4,,com.sec.android.app.shealth,2025-09-19 02:52:00.000,98358eb4-32d3-42ce-862d-a235c4d42a83,
62981551,2025-09-19 03:32:00.000,,24ca059c-ced1-41a7-bd60-eb4b3435796d.binning_data.json,62981551,15.879371,15.942176,2025-09-19 05:49:51.738,2025-09-19 05:49:51.738,,16.233091,,1,1.01.04,UTC+0200,VhFspb+oN4,,com.sec.android.app.shealth,2025-09-19 05:49:00.000,24ca059c-ced1-41a7-bd60-eb4b3435796d,
62981551,2025-09-20 07:41:00.000,,2faa38df-b4fa-4bbd-812a-38e72a5ba65d.binning_data.json,62981551,15.751317,15.749798,2025-09-20 13:24:33.591,2025-09-20 13:24:33.591,,16.225304,,0,1.01.04,UTC+0200,VhFspb+oN4,,com.sec.android.app.shealth,2025-09-20 13:09:00.000,2faa38df-b4fa-4bbd-812a-38e72a5ba65d,
62981551,2025-09-20 23:36:00.000,,b7a9cc5f-914d-44c3-8ccf-db1b5536754c.binning_data.json,62981551,17.298492,15.683886,2025-09-21 07:49:30.713,2025-09-21 07:49:30.713,,17.176016,,1,1.01.04,UTC+0200,VhFspb+oN4,,com.sec.android.app.shealth,2025-09-21 07:32:00.000,b7a9cc5f-914d-44c3-8ccf-db1b5536754c,
62981551,2025-09-23 00:28:00.000,,067814d6-ebc3-412b-a890-1c44103cfd00.binning_data.json,62981551,16.042377,15.781417,2025-09-23 07:59:50.841,2025-09-23 07:59:50.841,,16.115797,,0,1.01.04,UTC+0200,VhFspb+oN4,,com.sec.android.app.shealth,2025-09-23 07:59:00.000,067814d6-ebc3-412b-a890-1c44103cfd00,
62981551,2025-09-24 21:45:00.000,,b01a6e69-e740-4a82-8ad8-f205dd5534a1.binning_data.json,62981551,16.343203,15.792989,2025-09-25 04:36:44.095,2025-09-25 04:36:44.095,,16.317917,,1,1.01.04,UTC+0200,VhFspb+oN4,,com.sec.android.app.shealth,2025-09-25 04:36:00.000,b01a6e69-e740-4a82-8ad8-f205dd5534a1,
62981551,2025-09-25 22:21:00.000,,a35a71bf-7983-46df-906e-4973637a0fd1.binning_data.json,62981551,15.99587,15.813273,2025-09-26 05:01:09.450,2025-09-26 05:01:09.450,,16.109104,,0,1.01.04,UTC+0200,VhFspb+oN4,,com.sec.android.app.shealth,2025-09-26 04:40:00.000,a35a71bf-7983-46df-906e-4973637a0fd1,
62981551,2025-09-28 22:22:00.000,,70592619-ba9c-4627-9c00-613714f98dd9.binning_data.json,62981551,15.723194,15.700575,2025-09-29 06:37:43.682,2025-09-29 06:37:43.682,,16.05617,,0,1.01.04,UTC+0200,VhFspb+oN4,,com.sec.android.app.shealth,2025-09-29 06:37:00.000,70592619-ba9c-4627-9c00-613714f98dd9,
62981551,2025-09-30 22:23:00.000,,aa292599-0e9c-435a-aefb-ddcec91957b5.binning_data.json,62981551,15.717705,15.675086,2025-10-01 04:00:19.556,2025-10-01 04:00:19.556,,16.031809,,0,1.01.04,UTC+0200,VhFspb+oN4,,com.sec.android.app.shealth,2025-10-01 03:58:00.000,aa292599-0e9c-435a-aefb-ddcec91957b5,
62981551,2025-10-01 23:04:00.000,,a100f8b1-c88a-4b4a-be1b-671dfe49c51e.binning_data.json,62981551,15.748713,15.663826,2025-10-02 07:10:38.149,2025-10-02 07:10:38.149,,16.001528,,0,1.01.04,UTC+0200,VhFspb+oN4,,com.sec.android.app.shealth,2025-10-02 06:55:00.000,a100f8b1-c88a-4b4a-be1b-671dfe49c51e,
62981551,2025-10-02 21:49:00.000,,8a0c4fda-6232-4cd3-851d-cd89651f9574.binning_data.json,62981551,15.573928,15.598648,2025-10-03 05:40:59.267,2025-10-03 05:40:59.267,,15.983191,,1,1.01.04,UTC+0200,VhFspb+oN4,,com.sec.android.app.shealth,2025-10-03 05:15:00.000,8a0c4fda-6232-4cd3-851d-cd89651f9574,
62981551,2025-10-04 22:56:00.000,,d1179177-2ccb-454b-9635-52cdf4ce04bc.binning_data.json,62981551,15.853678,15.679604,2025-10-05 07:22:49.704,2025-10-05 07:22:49.704,,15.992971,,0,1.01.04,UTC+0200,VhFspb+oN4,,com.sec.android.app.shealth,2025-10-05 06:58:00.000,d1179177-2ccb-454b-9635-52cdf4ce04bc,
62981551,2025-10-05 21:33:00.000,,0fb1e6c0-5c68-4f78-99de-312a0e3487d3.binning_data.json,62981551,15.47628,15.587849,2025-10-06 04:07:22.213,2025-10-06 04:07:22.213,,16.004177,,1,1.01.04,UTC+0200,VhFspb+oN4,,com.sec.android.app.shealth,2025-10-06 03:58:00.000,0fb1e6c0-5c68-4f78-99de-312a0e3487d3,
62981551,2025-10-07 00:12:00.000,,666618b2-2017-4da8-ba1b-424ae133446e.binning_data.json,62981551,15.390354,15.547013,2025-10-07 07:21:13.440,2025-10-07 07:21:13.440,,16.016117,,1,1.01.04,UTC+0200,VhFspb+oN4,,com.sec.android.app.shealth,2025-10-07 07:16:00.000,666618b2-2017-4da8-ba1b-424ae133446e,
62981551,2025-10-07 20:21:00.000,,ca86d1d4-2e1e-41d6-8146-4afc6c5dd53f.binning_data.json,62981551,15.977953,15.697121,2025-10-08 04:08:14.174,2025-10-08 04:08:14.174,,16.01381,,0,1.01.04,UTC+0200,VhFspb+oN4,,com.sec.android.app.shealth,2025-10-08 03:58:00.000,ca86d1d4-2e1e-41d6-8146-4afc6c5dd53f,
62981551,2025-10-09 22:12:00.000,,f44834dd-5655-4426-8857-9463e6f211a1.binning_data.json,62981551,15.522839,15.619448,2025-10-10 05:43:36.072,2025-10-10 05:43:36.072,,16.014029,,1,1.01.04,UTC+0200,VhFspb+oN4,,com.sec.android.app.shealth,2025-10-10 05:34:00.000,f44834dd-5655-4426-8857-9463e6f211a1,
62981551,2025-10-11 01:21:00.000,,c0070c18-b3f6-40ce-83ca-2e40e5205f9e.binning_data.json,62981551,15.533876,15.783422,2025-10-11 09:18:43.037,2025-10-11 09:18:43.037,,16.104532,,1,1.01.04,UTC+0200,VhFspb+oN4,,com.sec.android.app.shealth,2025-10-11 08:48:00.000,c0070c18-b3f6-40ce-83ca-2e40e5205f9e,
62981551,2025-10-12 20:59:00.000,,fe89fe35-e378-4479-a67f-4f6ef376ec01.binning_data.json,62981551,16.026573,15.783422,2025-10-13 04:10:53.317,2025-10-13 04:10:53.317,,16.104532,,0,1.01.04,UTC+0200,VhFspb+oN4,,com.sec.android.app.shealth,2025-10-13 04:01:00.000,fe89fe35-e378-4479-a67f-4f6ef376ec01,
62981551,2025-10-14 21:26:00.000,,5a7ffcef-bf98-4d09-b09a-a65f10694ccb.binning_data.json,62981551,15.86526,15.700576,2025-10-15 04:10:15.934,2025-10-15 04:10:15.934,,16.056171,,0,1.01.04,UTC+0200,VhFspb+oN4,,com.sec.android.app.shealth,2025-10-15 03:59:00.000,5a7ffcef-bf98-4d09-b09a-a65f10694ccb,
62981551,2025-10-15 21:44:00.000,,e2face88-454a-481a-b4e0-e774963692f6.binning_data.json,62981551,16.480783,15.675086,2025-10-16 05:43:07.479,2025-10-16 05:43:07.479,,16.031809,,1,1.01.04,UTC+0200,VhFspb+oN4,,com.sec.android.app.shealth,2025-10-16 05:36:00.000,e2face88-454a-481a-b4e0-e774963692f6,
62981551,2025-10-19 21:18:00.000,,681fa73d-1372-4843-8aba-30bb975c419b.binning_data.json,62981551,15.685752,15.666843,2025-10-20 04:05:54.022,2025-10-20 04:05:54.022,,16.023968,,0,1.01.04,UTC+0200,VhFspb+oN4,,com.sec.android.app.shealth,2025-10-20 03:41:00.000,681fa73d-1372-4843-8aba-30bb975c419b,
62981551,2025-10-22 22:10:00.000,,c12e9ecd-b809-4589-a793-6d51e34b8fbf.binning_data.json,62981551,16.055162,15.684808,2025-10-23 05:37:59.398,2025-10-23 05:37:59.398,,15.934579,,1,1.01.04,UTC+0200,VhFspb+oN4,,com.sec.android.app.shealth,2025-10-23 05:31:00.000,c12e9ecd-b809-4589-a793-6d51e34b8fbf,
62981551,2025-10-23 23:07:00.000,,524eac73-c578-4cb3-b606-c2db0dba6907.binning_data.json,62981551,15.931258,15.684808,2025-10-24 05:46:40.938,2025-10-24 05:46:40.938,,15.934579,,0,1.01.04,UTC+0200,VhFspb+oN4,,com.sec.android.app.shealth,2025-10-24 05:33:00.000,524eac73-c578-4cb3-b606-c2db0dba6907,
62981551,2025-10-25 01:36:00.000,,b095bc52-abff-4a77-88f7-05ff54306beb.binning_data.json,62981551,16.3621,15.684808,2025-10-25 08:59:34.407,2025-10-25 08:59:34.407,,15.934579,,1,1.01.04,UTC+0200,VhFspb+oN4,,com.sec.android.app.shealth,2025-10-25 08:31:00.000,b095bc52-abff-4a77-88f7-05ff54306beb,
62981551,2025-10-26 21:55:00.000,,1234fbf2-5843-4446-b6df-ae9723a07684.binning_data.json,62981551,15.804993,15.70596,2025-10-27 05:04:31.336,2025-10-27 05:04:31.336,,15.961829,,0,1.01.04,UTC+0100,VhFspb+oN4,,com.sec.android.app.shealth,2025-10-27 05:03:00.000,1234fbf2-5843-4446-b6df-ae9723a07684,
62981551,2025-10-27 23:19:00.000,,b47e57a3-3845-4ca3-8da3-f7675ed1235b.binning_data.json,62981551,15.489483,15.759443,2025-10-28 06:36:45.892,2025-10-28 06:36:45.892,,16.031248,,1,1.01.04,UTC+0100,VhFspb+oN4,,com.sec.android.app.shealth,2025-10-28 06:31:00.000,b47e57a3-3845-4ca3-8da3-f7675ed1235b,
62981551,2025-10-28 22:14:00.000,,60944d36-592c-4e78-98be-65bafd8fe2e5.binning_data.json,62981551,16.023458,15.759443,2025-10-29 05:02:03.215,2025-10-29 05:02:03.215,,16.031248,,0,1.01.04,UTC+0100,VhFspb+oN4,,com.sec.android.app.shealth,2025-10-29 05:00:00.000,60944d36-592c-4e78-98be-65bafd8fe2e5,
62981551,2025-10-29 22:39:00.000,,e9c1fc55-25b2-4d2b-9b9f-e48256dff48f.binning_data.json,62981551,15.502041,15.836486,2025-10-30 05:47:28.485,2025-10-30 05:47:28.485,,16.020462,,1,1.01.04,UTC+0100,VhFspb+oN4,,com.sec.android.app.shealth,2025-10-30 05:17:00.000,e9c1fc55-25b2-4d2b-9b9f-e48256dff48f,
62981551,2025-10-31 01:25:00.000,,2cc11030-8aff-4917-9c8c-636e950b5b3e.binning_data.json,62981551,15.666399,15.836486,2025-10-31 08:57:13.845,2025-10-31 08:57:13.845,,16.020462,,1,1.01.04,UTC+0100,VhFspb+oN4,,com.sec.android.app.shealth,2025-10-31 08:32:00.000,2cc11030-8aff-4917-9c8c-636e950b5b3e,
62981551,2025-11-01 23:54:00.000,,cbbd3c68-49bd-4dae-a335-d1ab09c40955.binning_data.json,62981551,15.748272,15.873766,2025-11-02 08:11:56.214,2025-11-02 08:11:56.214,,16.04273,,1,1.01.04,UTC+0100,VhFspb+oN4,,com.sec.android.app.shealth,2025-11-02 07:46:00.000,cbbd3c68-49bd-4dae-a335-d1ab09c40955,
62981551,2025-11-02 21:59:00.000,,38d26783-1f2a-49ff-9bd1-43b9ce432e48.binning_data.json,62981551,15.953944,15.873766,2025-11-03 05:11:04.742,2025-11-03 05:11:04.742,,16.04273,,0,1.01.04,UTC+0100,VhFspb+oN4,,com.sec.android.app.shealth,2025-11-03 04:59:00.000,38d26783-1f2a-49ff-9bd1-43b9ce432e48,
62981551,2025-11-04 01:54:00.000,,cb04f883-477b-4be3-9f7a-ee6141d6f525.binning_data.json,62981551,15.520229,15.687906,2025-11-04 05:35:16.590,2025-11-04 05:35:16.590,,16.035988,,1,1.01.04,UTC+0100,VhFspb+oN4,,com.sec.android.app.shealth,2025-11-04 05:28:00.000,cb04f883-477b-4be3-9f7a-ee6141d6f525,
62981551,2025-11-04 05:36:00.000,,b4d739b4-531f-4140-9136-898f94e33188.binning_data.json,62981551,15.61222,15.687906,2025-11-04 08:35:14.962,2025-11-04 08:35:14.962,,16.035988,,1,1.01.04,UTC+0100,VhFspb+oN4,,com.sec.android.app.shealth,2025-11-04 08:30:00.000,b4d739b4-531f-4140-9136-898f94e33188,
62981551,2025-11-04 22:11:00.000,,84ca059c-1bb9-4d7c-8e46-55a4f588c69b.binning_data.json,62981551,16.049932,15.687906,2025-11-05 05:08:47.169,2025-11-05 05:08:47.169,,16.035988,,1,1.01.04,UTC+0100,VhFspb+oN4,,com.sec.android.app.shealth,2025-11-05 04:23:00.000,84ca059c-1bb9-4d7c-8e46-55a4f588c69b,
62981551,2025-11-05 22:14:00.000,,54fd87dc-b3cc-4f4d-b731-9fc13837a9e5.binning_data.json,62981551,15.577781,15.687906,2025-11-06 06:09:10.283,2025-11-06 06:09:10.283,,16.035988,,1,1.01.04,UTC+0100,VhFspb+oN4,,com.sec.android.app.shealth,2025-11-06 05:59:00.000,54fd87dc-b3cc-4f4d-b731-9fc13837a9e5,
62981551,2025-11-06 23:25:00.000,,42c4f512-9f68-48ba-b9c7-c52199461267.binning_data.json,62981551,15.557577,15.687906,2025-11-07 06:53:34.264,2025-11-07 06:53:34.264,,16.035988,,1,1.01.04,UTC+0100,VhFspb+oN4,,com.sec.android.app.shealth,2025-11-07 06:39:00.000,42c4f512-9f68-48ba-b9c7-c52199461267,
62981551,2025-11-07 23:02:00.000,,62e254b2-ec2c-4a2a-9041-a42a340a6883.binning_data.json,62981551,16.157356,15.723297,2025-11-08 07:25:29.510,2025-11-08 07:25:29.510,,16.03465,,1,1.01.04,UTC+0100,VhFspb+oN4,,com.sec.android.app.shealth,2025-11-08 06:55:00.000,62e254b2-ec2c-4a2a-9041-a42a340a6883,
62981551,2025-11-09 03:41:00.000,,2e0dcd1a-3899-421b-8a58-ca703085830c.binning_data.json,62981551,15.806153,15.698014,2025-11-09 08:25:05.994,2025-11-09 08:25:05.994,,15.957358,,0,1.01.04,UTC+0100,VhFspb+oN4,,com.sec.android.app.shealth,2025-11-09 08:23:00.000,2e0dcd1a-3899-421b-8a58-ca703085830c,
62981551,2025-11-12 00:32:00.000,,fff9b718-d628-493a-86eb-6dfb7676bad5.binning_data.json,62981551,15.945178,15.68197,2025-11-12 08:18:25.011,2025-11-12 08:18:25.011,,15.932572,,1,1.01.04,UTC+0100,VhFspb+oN4,,com.sec.android.app.shealth,2025-11-12 08:11:00.000,fff9b718-d628-493a-86eb-6dfb7676bad5,
62981551,2025-11-12 23:39:00.000,,2cef4abf-bd87-49a7-8299-60da933ff5ff.binning_data.json,62981551,15.911518,15.700642,2025-11-13 06:40:33.869,2025-11-13 06:40:33.869,,16.019777,,0,1.01.04,UTC+0100,VhFspb+oN4,,com.sec.android.app.shealth,2025-11-13 06:35:00.000,2cef4abf-bd87-49a7-8299-60da933ff5ff,
62981551,2025-11-15 03:03:00.000,,73d6548a-6d4a-483a-9aca-d7326a68e622.binning_data.json,62981551,16.096067,15.700642,2025-11-15 09:32:42.464,2025-11-15 09:32:42.464,,16.019777,,1,1.01.04,UTC+0100,VhFspb+oN4,,com.sec.android.app.shealth,2025-11-15 09:10:00.000,73d6548a-6d4a-483a-9aca-d7326a68e622,
62981551,2025-11-16 23:41:00.000,,e140b3a1-af76-46a7-9c28-b87fbd1b953a.binning_data.json,62981551,16.005945,15.804777,2025-11-17 04:59:17.231,2025-11-17 04:59:17.231,,16.028786,,0,1.01.04,UTC+0100,VhFspb+oN4,,com.sec.android.app.shealth,2025-11-17 04:59:00.000,e140b3a1-af76-46a7-9c28-b87fbd1b953a,
62981551,2025-11-18 22:57:00.000,,8e40a699-7c45-43d6-a026-6bf80b52494f.binning_data.json,62981551,15.67777,15.827525,2025-11-19 05:11:05.014,2025-11-19 05:11:05.014,,16.02495,,1,1.01.04,UTC+0100,VhFspb+oN4,,com.sec.android.app.shealth,2025-11-19 05:09:00.000,8e40a699-7c45-43d6-a026-6bf80b52494f,
62981551,2025-11-19 23:33:00.000,,f55548d5-9597-4848-9508-6ab4e57887d1.binning_data.json,62981551,15.564082,15.810666,2025-11-20 06:40:29.291,2025-11-20 06:40:29.291,,16.038607,,1,1.01.04,UTC+0100,VhFspb+oN4,,com.sec.android.app.shealth,2025-11-20 06:35:00.000,f55548d5-9597-4848-9508-6ab4e57887d1,
62981551,2025-11-21 00:13:00.000,,0a8693ba-81d2-4d52-8bfc-9705aa3b6eda.binning_data.json,62981551,15.75183,15.810666,2025-11-21 07:07:59.426,2025-11-21 07:07:59.426,,16.038607,,1,1.01.04,UTC+0100,VhFspb+oN4,,com.sec.android.app.shealth,2025-11-21 06:35:00.000,0a8693ba-81d2-4d52-8bfc-9705aa3b6eda,
62981551,2025-11-22 00:22:00.000,,5b9de313-39a4-4fb5-87e5-c34c936b3759.binning_data.json,62981551,15.487709,15.810666,2025-11-22 07:35:23.977,2025-11-22 07:35:23.977,,16.038607,,1,1.01.04,UTC+0100,VhFspb+oN4,,com.sec.android.app.shealth,2025-11-22 07:35:00.000,5b9de313-39a4-4fb5-87e5-c34c936b3759,
62981551,2025-11-23 01:18:00.000,,bf5d1080-b5fa-47f3-a6ce-8b2262083dab.binning_data.json,62981551,15.229914,15.467789,2025-11-23 08:19:32.540,2025-11-23 08:19:32.540,,16.153513,,1,1.01.04,UTC+0100,VhFspb+oN4,,com.sec.android.app.shealth,2025-11-23 08:02:00.000,bf5d1080-b5fa-47f3-a6ce-8b2262083dab,
62981551,2025-11-23 23:17:00.000,,7c740adc-4f9a-4625-a290-30ca6841987f.binning_data.json,62981551,15.7680855,15.797801,2025-11-24 05:01:44.624,2025-11-24 05:01:44.624,,16.037476,,1,1.01.04,UTC+0100,VhFspb+oN4,,com.sec.android.app.shealth,2025-11-24 04:58:00.000,7c740adc-4f9a-4625-a290-30ca6841987f,
62981551,2025-11-25 00:26:00.000,,7a55570a-cc96-40ae-919e-e8fe99678f56.binning_data.json,62981551,15.858727,15.818958,2025-11-25 08:38:24.448,2025-11-25 08:38:24.448,,15.99402,,0,1.01.04,UTC+0100,VhFspb+oN4,,com.sec.android.app.shealth,2025-11-25 08:30:00.000,7a55570a-cc96-40ae-919e-e8fe99678f56,
62981551,2025-11-25 22:02:00.000,,89a295b2-ee70-4dfc-9410-e0dfd9ff86e8.binning_data.json,62981551,15.567399,15.66787,2025-11-26 05:10:33.957,2025-11-26 05:10:33.957,,16.022797,,1,1.01.04,UTC+0100,VhFspb+oN4,,com.sec.android.app.shealth,2025-11-26 05:02:00.000,89a295b2-ee70-4dfc-9410-e0dfd9ff86e8,
62981551,2025-11-26 23:14:00.000,,90d7c7ec-0e55-4088-877c-39378890bba0.binning_data.json,62981551,15.421844,15.574215,2025-11-27 06:37:43.201,2025-11-27 06:37:43.201,,16.054789,,1,1.01.04,UTC+0100,VhFspb+oN4,,com.sec.android.app.shealth,2025-11-27 06:30:00.000,90d7c7ec-0e55-4088-877c-39378890bba0,
62981551,2025-11-27 23:36:00.000,,3ba6f21c-0d43-4dbf-9af8-4e1a88a9cabd.binning_data.json,62981551,15.550285,15.656665,2025-11-28 06:40:50.795,2025-11-28 06:40:50.795,,16.026001,,1,1.01.04,UTC+0100,VhFspb+oN4,,com.sec.android.app.shealth,2025-11-28 06:24:00.000,3ba6f21c-0d43-4dbf-9af8-4e1a88a9cabd,
62981551,2025-11-28 23:18:00.000,,92441deb-8dbb-4039-b986-508e978829e3.binning_data.json,62981551,15.575762,15.822836,2025-11-29 07:37:23.580,2025-11-29 07:37:23.580,,15.980679,,1,1.01.04,UTC+0100,VhFspb+oN4,,com.sec.android.app.shealth,2025-11-29 07:05:00.000,92441deb-8dbb-4039-b986-508e978829e3,
62981551,2025-11-29 22:57:00.000,,530254c8-bc29-47ac-b8a0-8284a547fbf1.binning_data.json,62981551,15.900426,15.812059,2025-11-30 05:31:05.918,2025-11-30 05:31:05.918,,15.977236,,0,1.01.04,UTC+0100,VhFspb+oN4,,com.sec.android.app.shealth,2025-11-30 05:20:00.000,530254c8-bc29-47ac-b8a0-8284a547fbf1,
62981551,2025-11-30 21:52:00.000,,0f2311c7-4b09-46f6-8225-9e8ad89db50e.binning_data.json,62981551,15.901739,15.819527,2025-11-30 23:38:43.661,2025-11-30 23:38:43.661,,15.970449,,0,1.01.04,UTC+0100,VhFspb+oN4,,com.sec.android.app.shealth,2025-11-30 23:13:00.000,0f2311c7-4b09-46f6-8225-9e8ad89db50e,
62981551,2025-11-30 23:35:00.000,,6afe38b2-6557-4788-a941-77640311ef8a.binning_data.json,62981551,15.555448,15.669225,2025-12-01 04:56:20.739,2025-12-01 04:56:20.739,,16.021233,,1,1.01.04,UTC+0100,VhFspb+oN4,,com.sec.android.app.shealth,2025-12-01 04:55:00.000,6afe38b2-6557-4788-a941-77640311ef8a,
62981551,2025-12-02 01:14:00.000,,b6e72644-41df-46cf-a2d2-107d439c4bf7.binning_data.json,62981551,15.546158,15.808344,2025-12-02 07:41:10.840,2025-12-02 07:41:10.840,,16.012455,,1,1.01.04,UTC+0100,VhFspb+oN4,,com.sec.android.app.shealth,2025-12-02 07:29:00.000,b6e72644-41df-46cf-a2d2-107d439c4bf7,
62981551,2025-12-02 22:26:00.000,,0a858227-c787-4f53-b348-376c6fbde249.binning_data.json,62981551,15.892012,15.808344,2025-12-03 05:13:55.475,2025-12-03 05:13:55.475,,16.012455,,0,1.01.04,UTC+0100,VhFspb+oN4,,com.sec.android.app.shealth,2025-12-03 04:59:00.000,0a858227-c787-4f53-b348-376c6fbde249,
62981551,2025-12-03 23:57:00.000,,0caff3fe-8a68-4751-a2fb-b46153349354.binning_data.json,62981551,15.49248,15.808344,2025-12-04 06:39:40.677,2025-12-04 06:39:40.677,,16.012455,,1,1.01.04,UTC+0100,VhFspb+oN4,,com.sec.android.app.shealth,2025-12-04 06:32:00.000,0caff3fe-8a68-4751-a2fb-b46153349354,
62981551,2025-12-04 23:05:00.000,,12c7dbdd-6943-452c-beb5-bc501c03b6c8.binning_data.json,62981551,15.479521,15.808344,2025-12-05 06:40:54.316,2025-12-05 06:40:54.316,,16.012455,,1,1.01.04,UTC+0100,VhFspb+oN4,,com.sec.android.app.shealth,2025-12-05 06:26:00.000,12c7dbdd-6943-452c-beb5-bc501c03b6c8,
62981551,2025-12-06 01:53:00.000,,17162fc2-f036-4254-860b-8fbe7dab2e93.binning_data.json,62981551,15.893499,15.850243,2025-12-06 09:32:58.974,2025-12-06 09:32:58.974,,15.957123,,0,1.01.04,UTC+0100,VhFspb+oN4,,com.sec.android.app.shealth,2025-12-06 09:01:00.000,17162fc2-f036-4254-860b-8fbe7dab2e93,
62981551,2025-12-07 22:38:00.000,,d1938bcf-a8dc-4e80-b25f-1fa71ee962a7.binning_data.json,62981551,15.417344,15.615911,2025-12-08 06:35:04.327,2025-12-08 06:35:04.327,,16.037668,,1,1.01.04,UTC+0100,VhFspb+oN4,,com.sec.android.app.shealth,2025-12-08 06:21:00.000,d1938bcf-a8dc-4e80-b25f-1fa71ee962a7,
62981551,2025-12-08 22:55:00.000,,2ed4dcf5-6e70-40ef-b759-8f982c7b74ae.binning_data.json,62981551,15.4289465,15.641093,2025-12-09 04:54:15.258,2025-12-09 04:54:15.258,,16.050386,,1,1.01.04,UTC+0100,VhFspb+oN4,,com.sec.android.app.shealth,2025-12-09 04:27:00.000,2ed4dcf5-6e70-40ef-b759-8f982c7b74ae,
62981551,2025-12-09 05:03:00.000,,5451943e-f468-4584-a367-59ec20e05b42.binning_data.json,62981551,14.917315,15.421292,2025-12-09 08:14:56.004,2025-12-09 08:14:56.004,,16.25857,,1,1.01.04,UTC+0100,VhFspb+oN4,,com.sec.android.app.shealth,2025-12-09 07:44:00.000,5451943e-f468-4584-a367-59ec20e05b42,
62981551,2025-12-10 23:37:00.000,,63977a5b-becb-471a-a2a7-9c1697f9c599.binning_data.json,62981551,15.281369,15.510655,2025-12-11 07:29:00.976,2025-12-11 07:29:00.976,,16.073662,,1,1.01.04,UTC+0100,VhFspb+oN4,,com.sec.android.app.shealth,2025-12-11 07:21:00.000,63977a5b-becb-471a-a2a7-9c1697f9c599,
62981551,2025-12-12 00:07:00.000,,b3b3be59-8449-4c5f-a320-8ada6e055144.binning_data.json,62981551,15.091988,15.40812,2025-12-12 07:02:34.789,2025-12-12 07:02:34.789,,16.132477,,1,1.01.04,UTC+0100,VhFspb+oN4,,com.sec.android.app.shealth,2025-12-12 06:34:00.000,b3b3be59-8449-4c5f-a320-8ada6e055144,
62981551,2025-12-14 22:19:00.000,,167537e5-d4b2-4e7f-8aaa-a4db630605c6.binning_data.json,62981551,15.74085,15.787542,2025-12-15 05:10:08.250,2025-12-15 05:10:08.250,,15.931025,,1,1.01.04,UTC+0100,VhFspb+oN4,,com.sec.android.app.shealth,2025-12-15 04:59:00.000,167537e5-d4b2-4e7f-8aaa-a4db630605c6,
62981551,2025-12-15 23:10:00.000,,dce44502-3e98-4dc5-8c59-057dcaaf0c96.binning_data.json,62981551,15.840121,15.85298,2025-12-16 05:20:48.446,2025-12-16 05:20:48.446,,15.906206,,1,1.01.04,UTC+0100,VhFspb+oN4,,com.sec.android.app.shealth,2025-12-16 05:20:00.000,dce44502-3e98-4dc5-8c59-057dcaaf0c96,
62981551,2025-12-16 22:28:00.000,,6bff3804-8db1-447c-a55d-6c511a20dad9.binning_data.json,62981551,16.355354,15.85298,2025-12-17 05:13:53.163,2025-12-17 05:13:53.163,,15.906206,,1,1.01.04,UTC+0100,VhFspb+oN4,,com.sec.android.app.shealth,2025-12-17 05:03:00.000,6bff3804-8db1-447c-a55d-6c511a20dad9,
63060051,2025-12-22 01:03:00.000,,ca89a669-4d72-41cf-a0e3-de1e66de1587.binning_data.json,63060051,15.7002,15.865572,2025-12-22 07:49:52.480,2025-12-22 07:49:52.480,,15.905899,,1,1.01.04,UTC+0100,VhFspb+oN4,,com.sec.android.app.shealth,2025-12-22 07:26:00.000,ca89a669-4d72-41cf-a0e3-de1e66de1587,
63070031,2025-12-24 00:54:00.000,,30f7b58b-7a52-44f3-a0f3-9cd6241bf697.binning_data.json,63070031,15.542223,15.890175,2025-12-24 08:30:34.424,2025-12-24 08:30:34.424,,15.901178,,1,1.01.04,UTC+0100,VhFspb+oN4,,com.sec.android.app.shealth,2025-12-24 08:11:00.000,30f7b58b-7a52-44f3-a0f3-9cd6241bf697,
63070031,2025-12-25 00:16:00.000,,7c9f9b01-77bf-470c-90df-bdc779e1c1bb.binning_data.json,63070031,16.621746,15.890175,2025-12-25 08:23:50.833,2025-12-25 08:23:50.833,,15.901178,,1,1.01.04,UTC+0100,VhFspb+oN4,,com.sec.android.app.shealth,2025-12-25 07:56:00.000,7c9f9b01-77bf-470c-90df-bdc779e1c1bb,
63070031,2025-12-27 01:11:00.000,,5cdafe69-7ef2-4d15-8f0d-d55098605297.binning_data.json,63070031,15.850749,15.887768,2025-12-27 10:26:36.514,2025-12-27 10:26:36.514,,15.89963,,1,1.01.04,UTC+0100,VhFspb+oN4,,com.sec.android.app.shealth,2025-12-27 10:21:00.000,5cdafe69-7ef2-4d15-8f0d-d55098605297,
63070031,2025-12-28 00:28:00.000,,bdbfca71-abea-4214-9f68-5e58c79a0705.binning_data.json,63070031,16.261063,15.7389965,2025-12-28 04:10:47.033,2025-12-28 04:10:47.033,,16.191044,,1,1.01.04,UTC+0100,VhFspb+oN4,,com.sec.android.app.shealth,2025-12-28 03:44:00.000,bdbfca71-abea-4214-9f68-5e58c79a0705,
63070031,2025-12-28 04:14:00.000,,b5458f98-d094-48b3-9a8a-b83ea62b5443.binning_data.json,63070031,15.120205,15.183799,2025-12-28 11:27:11.396,2025-12-28 11:27:11.396,,16.094309,,1,1.01.04,UTC+0100,VhFspb+oN4,,com.sec.android.app.shealth,2025-12-28 11:03:00.000,b5458f98-d094-48b3-9a8a-b83ea62b5443,
63070031,2025-12-30 02:31:00.000,,cea3e9d2-b8eb-4942-852f-2cd6b88a760b.binning_data.json,63070031,15.5619,0.0,2025-12-30 11:26:41.629,2025-12-30 11:26:41.629,,0.0,,0,1.01.04,UTC+0100,VhFspb+oN4,,com.sec.android.app.shealth,2025-12-30 11:09:00.000,cea3e9d2-b8eb-4942-852f-2cd6b88a760b,
63070031,2026-01-01 03:25:00.000,,6fbaadd1-96fd-4556-8300-609df3beb9e1.binning_data.json,63070031,15.4977865,15.439415,2026-01-01 09:54:44.617,2026-01-01 09:54:44.617,,15.873152,,0,1.01.04,UTC+0100,VhFspb+oN4,,com.sec.android.app.shealth,2026-01-01 09:29:00.000,6fbaadd1-96fd-4556-8300-609df3beb9e1,
63070031,2026-01-03 00:43:00.000,,0779c505-5380-4141-9978-ba5fa3a16c5f.binning_data.json,63070031,15.627729,15.496093,2026-01-03 07:07:54.961,2026-01-03 07:07:54.961,,15.628718,,0,1.01.04,UTC+0100,VhFspb+oN4,,com.sec.android.app.shealth,2026-01-03 07:07:00.000,0779c505-5380-4141-9978-ba5fa3a16c5f,
63070031,2026-01-03 09:36:00.000,,ffb5c1c9-6289-4d4d-8b25-2a49389be9b9.binning_data.json,63070031,15.6450615,15.474379,2026-01-03 12:45:19.447,2026-01-03 12:45:19.447,,15.630276,,1,1.01.04,UTC+0100,VhFspb+oN4,,com.sec.android.app.shealth,2026-01-03 12:20:00.000,ffb5c1c9-6289-4d4d-8b25-2a49389be9b9,
63070031,2026-01-04 01:15:00.000,,713683db-268e-47c5-a4f5-a318ffb7171f.binning_data.json,63070031,15.355315,15.379632,2026-01-04 09:22:20.693,2026-01-04 09:22:20.693,,15.631888,,1,1.01.04,UTC+0100,VhFspb+oN4,,com.sec.android.app.shealth,2026-01-04 08:57:00.000,713683db-268e-47c5-a4f5-a318ffb7171f,
63070031,2026-01-05 00:43:00.000,,aedd09d3-3ee0-4c47-81de-903e42956116.binning_data.json,63070031,15.335549,15.352508,2026-01-05 10:36:38.473,2026-01-05 10:36:38.473,,15.626674,,1,1.01.04,UTC+0100,VhFspb+oN4,,com.sec.android.app.shealth,2026-01-05 10:10:00.000,aedd09d3-3ee0-4c47-81de-903e42956116,
63070031,2026-01-06 23:44:00.000,,697bce96-65ee-413e-a6b2-29b7ed50e8e1.binning_data.json,63070031,15.615067,15.508585,2026-01-07 05:08:04.935,2026-01-07 05:08:04.935,,15.636976,,0,1.01.04,UTC+0100,VhFspb+oN4,,com.sec.android.app.shealth,2026-01-07 05:05:00.000,697bce96-65ee-413e-a6b2-29b7ed50e8e1,
63070031,2026-01-07 22:57:00.000,,cb010ccc-0bbc-4138-8e89-8480dc33721d.binning_data.json,63070031,15.29145,15.365679,2026-01-08 05:24:39.511,2026-01-08 05:24:39.511,,15.6721115,,1,1.01.04,UTC+0100,VhFspb+oN4,,com.sec.android.app.shealth,2026-01-08 05:24:00.000,cb010ccc-0bbc-4138-8e89-8480dc33721d,
63070031,2026-01-09 01:43:00.000,,994d8b98-111d-4311-a341-ae5710290a32.binning_data.json,63070031,15.814952,15.494348,2026-01-09 09:30:41.848,2026-01-09 09:30:41.848,,15.759883,,1,1.01.04,UTC+0100,VhFspb+oN4,,com.sec.android.app.shealth,2026-01-09 09:02:00.000,994d8b98-111d-4311-a341-ae5710290a32,
63070031,2026-01-09 23:59:00.000,,a985506f-13ac-48d0-bd56-cbe7801a0c2f.binning_data.json,63070031,15.485802,15.476988,2026-01-10 09:03:48.049,2026-01-10 09:03:48.049,,15.623772,,0,1.01.04,UTC+0100,VhFspb+oN4,,com.sec.android.app.shealth,2026-01-10 08:38:00.000,a985506f-13ac-48d0-bd56-cbe7801a0c2f,
63070031,2026-01-11 23:09:00.000,,924cac4b-63d4-45cc-bf4e-7ec6ba9915e8.binning_data.json,63070031,15.562453,15.485107,2026-01-12 05:06:22.825,2026-01-12 05:06:22.825,,15.619091,,0,1.01.04,UTC+0100,VhFspb+oN4,,com.sec.android.app.shealth,2026-01-12 04:56:00.000,924cac4b-63d4-45cc-bf4e-7ec6ba9915e8,
63070031,2026-01-13 01:08:00.000,,7c91c8c3-22ef-41c4-80b6-882cadcbb380.binning_data.json,63070031,15.235703,15.353544,2026-01-13 07:56:06.384,2026-01-13 07:56:06.384,,15.66181,,1,1.01.04,UTC+0100,VhFspb+oN4,,com.sec.android.app.shealth,2026-01-13 07:45:00.000,7c91c8c3-22ef-41c4-80b6-882cadcbb380,
63070031,2026-01-13 23:28:00.000,,5e5e9168-3831-4cfc-945b-3bf4329e4098.binning_data.json,63070031,15.794021,15.458011,2026-01-14 04:57:27.249,2026-01-14 04:57:27.249,,15.700269,,1,1.01.04,UTC+0100,VhFspb+oN4,,com.sec.android.app.shealth,2026-01-14 04:41:00.000,5e5e9168-3831-4cfc-945b-3bf4329e4098,
63070031,2026-01-15 00:23:00.000,,76ee9f8e-d3bd-42d4-b277-5094ef5129bf.binning_data.json,63070031,15.518607,15.483752,2026-01-15 06:09:19.317,2026-01-15 06:09:19.317,,15.612306,,0,1.01.04,UTC+0100,VhFspb+oN4,,com.sec.android.app.shealth,2026-01-15 06:04:00.000,76ee9f8e-d3bd-42d4-b277-5094ef5129bf,
63070031,2026-01-16 00:02:00.000,,3af5fa1b-8aed-496b-9c41-324cc531c53c.binning_data.json,63070031,15.649961,15.487586,2026-01-16 06:22:39.178,2026-01-16 06:22:39.178,,15.632325,,1,1.01.04,UTC+0100,VhFspb+oN4,,com.sec.android.app.shealth,2026-01-16 06:14:00.000,3af5fa1b-8aed-496b-9c41-324cc531c53c,
63070031,2026-01-18 00:15:00.000,,06bf3c80-b913-4990-80ba-ea5c4a99ef76.binning_data.json,63070031,15.690897,15.482587,2026-01-18 06:50:52.605,2026-01-18 06:50:52.605,,15.648444,,1,1.01.04,UTC+0100,VhFspb+oN4,,com.sec.android.app.shealth,2026-01-18 06:34:00.000,06bf3c80-b913-4990-80ba-ea5c4a99ef76,
63070031,2026-01-18 22:44:00.000,,e0ba6085-126b-41ae-8b8a-45c31ff642a5.binning_data.json,63070031,15.857558,15.496095,2026-01-19 05:00:03.235,2026-01-19 05:00:03.235,,15.62872,,1,1.01.04,UTC+0100,VhFspb+oN4,,com.sec.android.app.shealth,2026-01-19 04:44:00.000,e0ba6085-126b-41ae-8b8a-45c31ff642a5,
63070031,2026-01-20 00:41:00.000,,be5bb425-ea48-445e-b869-35f27cbb7c28.binning_data.json,63070031,16.060644,15.496095,2026-01-20 06:52:35.316,2026-01-20 06:52:35.316,,15.62872,,1,1.01.04,UTC+0100,VhFspb+oN4,,com.sec.android.app.shealth,2026-01-20 06:32:00.000,be5bb425-ea48-445e-b869-35f27cbb7c28,
63070031,2026-01-20 23:07:00.000,,7a913d3b-18ca-442c-91b8-0a87e9e71048.binning_data.json,63070031,15.474689,15.496095,2026-01-21 05:07:06.014,2026-01-21 05:07:06.014,,15.62872,,1,1.01.04,UTC+0100,VhFspb+oN4,,com.sec.android.app.shealth,2026-01-21 04:46:00.000,7a913d3b-18ca-442c-91b8-0a87e9e71048,
63070031,2026-01-21 23:49:00.000,,7496be8f-2081-49bb-a987-81feb459fe64.binning_data.json,63070031,15.673407,15.508584,2026-01-22 06:31:56.522,2026-01-22 06:31:56.522,,15.636975,,1,1.01.04,UTC+0100,VhFspb+oN4,,com.sec.android.app.shealth,2026-01-22 06:06:00.000,7496be8f-2081-49bb-a987-81feb459fe64,
63070031,2026-01-22 23:47:00.000,,f02b0ef3-5e50-4162-a538-8dbd570601a3.binning_data.json,63070031,15.422489,15.508584,2026-01-23 06:01:38.131,2026-01-23 06:01:38.131,,15.636975,,1,1.01.04,UTC+0100,VhFspb+oN4,,com.sec.android.app.shealth,2026-01-23 06:00:00.000,f02b0ef3-5e50-4162-a538-8dbd570601a3,
63070031,2026-01-25 03:45:00.000,,081fb66e-c0c9-4b71-b16e-529acb4e72e6.binning_data.json,63070031,16.045975,15.476988,2026-01-25 09:21:34.312,2026-01-25 09:21:34.312,,15.623772,,1,1.01.04,UTC+0100,VhFspb+oN4,,com.sec.android.app.shealth,2026-01-25 08:56:00.000,081fb66e-c0c9-4b71-b16e-529acb4e72e6,
63070031,2026-01-25 22:49:00.000,,2ac50a37-12b1-43b2-968b-d263a42ad8a1.binning_data.json,63070031,16.342846,15.476988,2026-01-26 04:45:58.870,2026-01-26 04:45:58.870,,15.623772,,1,1.01.04,UTC+0100,VhFspb+oN4,,com.sec.android.app.shealth,2026-01-26 04:45:00.000,2ac50a37-12b1-43b2-968b-d263a42ad8a1,
63070031,2026-01-27 00:57:00.000,,b049d269-76b9-42d5-964a-12e7b6421a99.binning_data.json,63070031,15.431764,15.475936,2026-01-27 08:44:50.170,2026-01-27 08:44:50.170,,15.623067,,1,1.01.04,UTC+0100,VhFspb+oN4,,com.sec.android.app.shealth,2026-01-27 08:17:00.000,b049d269-76b9-42d5-964a-12e7b6421a99,
63070031,2026-01-27 22:58:00.000,,fd68d1c7-7a33-4ba8-bc59-d9db70fc80fa.binning_data.json,63070031,15.594636,15.475936,2026-01-28 05:02:29.648,2026-01-28 05:02:29.648,,15.623067,,0,1.01.04,UTC+0100,VhFspb+oN4,,com.sec.android.app.shealth,2026-01-28 04:48:00.000,fd68d1c7-7a33-4ba8-bc59-d9db70fc80fa,
63070031,2026-01-28 22:56:00.000,,49ee7882-0135-4036-9d40-7b96a0a4a74c.binning_data.json,63070031,16.22943,15.490521,2026-01-29 06:05:55.243,2026-01-29 06:05:55.243,,15.6328745,,1,1.01.04,UTC+0100,VhFspb+oN4,,com.sec.android.app.shealth,2026-01-29 06:05:00.000,49ee7882-0135-4036-9d40-7b96a0a4a74c,
63070031,2026-01-30 00:20:00.000,,f733072a-4d8a-447b-9d95-f9cfd49da61b.binning_data.json,63070031,16.223886,15.485257,2026-01-30 06:38:21.819,2026-01-30 06:38:21.819,,15.622813,,1,1.01.04,UTC+0100,VhFspb+oN4,,com.sec.android.app.shealth,2026-01-30 06:13:00.000,f733072a-4d8a-447b-9d95-f9cfd49da61b,
63070031,2026-01-31 01:48:00.000,,fd935a10-5478-453e-9081-6d6c94969caa.binning_data.json,63070031,15.436048,15.474595,2026-01-31 09:28:45.970,2026-01-31 09:28:45.970,,15.598025,,1,1.01.04,UTC+0100,VhFspb+oN4,,com.sec.android.app.shealth,2026-01-31 09:13:00.000,fd935a10-5478-453e-9081-6d6c94969caa,
63070031,2026-02-01 02:23:00.000,,f3fabf49-4ffe-4e4c-9e0b-9b5156d6d02b.binning_data.json,63070031,16.087343,15.474595,2026-02-01 08:24:50.265,2026-02-01 08:24:50.265,,15.598025,,1,1.01.04,UTC+0100,VhFspb+oN4,,com.sec.android.app.shealth,2026-02-01 08:00:00.000,f3fabf49-4ffe-4e4c-9e0b-9b5156d6d02b,
63070031,2026-02-02 01:27:00.000,,42381976-2a61-4891-84f4-ebf3c8a8725c.binning_data.json,63070031,15.773616,15.474595,2026-02-02 10:41:14.550,2026-02-02 10:41:14.550,,15.598025,,1,1.01.04,UTC+0100,VhFspb+oN4,,com.sec.android.app.shealth,2026-02-02 10:11:00.000,42381976-2a61-4891-84f4-ebf3c8a8725c,
63070031,2026-02-03 01:06:00.000,,1fcb3673-df11-44a2-b054-ac5efc94c471.binning_data.json,63070031,15.724665,15.476735,2026-02-03 07:23:44.537,2026-02-03 07:23:44.537,,15.556506,,1,1.01.04,UTC+0100,VhFspb+oN4,,com.sec.android.app.shealth,2026-02-03 06:57:00.000,1fcb3673-df11-44a2-b054-ac5efc94c471,
63070031,2026-02-04 01:02:00.000,,fd005f6a-69cf-4b93-9cc4-b73d4880774c.binning_data.json,63070031,15.668019,15.476735,2026-02-04 08:43:43.838,2026-02-04 08:43:43.838,,15.556506,,1,1.01.04,UTC+0100,VhFspb+oN4,,com.sec.android.app.shealth,2026-02-04 08:28:00.000,fd005f6a-69cf-4b93-9cc4-b73d4880774c,
63070031,2026-02-05 01:25:00.000,,7ccb3eaa-5b06-42a4-813f-e44d5b29dd77.binning_data.json,63070031,15.859999,15.476735,2026-02-05 10:20:03.777,2026-02-05 10:20:03.777,,15.556506,,1,1.01.04,UTC+0100,VhFspb+oN4,,com.sec.android.app.shealth,2026-02-05 10:02:00.000,7ccb3eaa-5b06-42a4-813f-e44d5b29dd77,
63070031,2026-02-06 01:44:00.000,,73c5f990-1c92-4a5e-8f4a-935a3142385f.binning_data.json,63070031,15.692916,15.476735,2026-02-06 09:10:59.865,2026-02-06 09:10:59.865,,15.556506,,1,1.01.04,UTC+0100,VhFspb+oN4,,com.sec.android.app.shealth,2026-02-06 08:55:00.000,73c5f990-1c92-4a5e-8f4a-935a3142385f,
63070031,2026-02-07 02:26:00.000,,d7040df1-d525-4ed3-b421-49bb4e87cdc0.binning_data.json,63070031,15.7227545,15.508363,2026-02-07 09:02:15.872,2026-02-07 09:02:15.872,,15.6987295,,1,1.01.04,UTC+0100,VhFspb+oN4,,com.sec.android.app.shealth,2026-02-07 08:32:00.000,d7040df1-d525-4ed3-b421-49bb4e87cdc0,
63070031,2026-02-08 02:03:00.000,,124d8e0d-1524-4fee-b79e-b46e5d0a39ce.binning_data.json,63070031,15.607261,15.526777,2026-02-08 08:58:10.101,2026-02-08 08:58:10.101,,15.624838,,0,1.01.04,UTC+0100,VhFspb+oN4,,com.sec.android.app.shealth,2026-02-08 08:33:00.000,124d8e0d-1524-4fee-b79e-b46e5d0a39ce,
63070031,2026-02-10 02:58:00.000,,7f9dea1a-394f-4ef2-9139-f14b15f3848b.binning_data.json,63070031,15.565231,15.53027,2026-02-10 09:58:56.715,2026-02-10 09:58:56.715,,15.615601,,0,1.01.04,UTC+0100,VhFspb+oN4,,com.sec.android.app.shealth,2026-02-10 09:28:00.000,7f9dea1a-394f-4ef2-9139-f14b15f3848b,
63070031,2026-02-11 01:47:00.000,,e151fbc3-7490-416e-a9c8-99e9bebce463.binning_data.json,63070031,14.738126,14.864076,2026-02-11 10:25:05.221,2026-02-11 10:25:05.221,,15.793614,,1,1.01.04,UTC+0100,VhFspb+oN4,,com.sec.android.app.shealth,2026-02-11 10:15:00.000,e151fbc3-7490-416e-a9c8-99e9bebce463,
63070031,2026-02-12 03:05:00.000,,9a767e6e-7c67-4e7a-83c2-6f1de8430b3c.binning_data.json,63070031,15.254265,15.309251,2026-02-12 11:36:47.361,2026-02-12 11:36:47.361,,15.675139,,1,1.01.04,UTC+0100,VhFspb+oN4,,com.sec.android.app.shealth,2026-02-12 11:11:00.000,9a767e6e-7c67-4e7a-83c2-6f1de8430b3c,
63070031,2026-02-13 00:30:00.000,,f4ad83fd-6093-4c35-98d3-b9b4f921e27c.binning_data.json,63070031,15.661917,15.565332,2026-02-13 08:26:24.582,2026-02-13 08:26:24.582,,15.653086,,1,1.01.04,UTC+0100,VhFspb+oN4,,com.sec.android.app.shealth,2026-02-13 08:01:00.000,f4ad83fd-6093-4c35-98d3-b9b4f921e27c,
63070031,2026-02-14 00:45:00.000,,510cd014-8c74-46af-9f60-aa4d583330b4.binning_data.json,63070031,15.371756,15.4107685,2026-02-14 08:05:58.474,2026-02-14 08:05:58.474,,15.6493435,,1,1.01.04,UTC+0100,VhFspb+oN4,,com.sec.android.app.shealth,2026-02-14 07:38:00.000,510cd014-8c74-46af-9f60-aa4d583330b4,
63070031,2026-02-16 02:53:00.000,,e678e770-3f4c-4cc1-a7d5-c20cc91305c5.binning_data.json,63070031,15.317969,15.359356,2026-02-16 11:13:19.307,2026-02-16 11:13:19.307,,15.657064,,1,1.01.04,UTC+0100,VhFspb+oN4,,com.sec.android.app.shealth,2026-02-16 10:48:00.000,e678e770-3f4c-4cc1-a7d5-c20cc91305c5,
63070031,2026-02-17 01:49:00.000,,6a1d96d1-c8dc-4625-8635-f6e71d72fe80.binning_data.json,63070031,15.67845,15.5617695,2026-02-17 09:28:02.254,2026-02-17 09:28:02.254,,15.6659775,,1,1.01.04,UTC+0100,VhFspb+oN4,,com.sec.android.app.shealth,2026-02-17 09:01:00.000,6a1d96d1-c8dc-4625-8635-f6e71d72fe80,
63070031,2026-02-18 02:15:00.000,,1198c09c-b050-4766-adea-a8a301e40542.binning_data.json,63070031,15.50204,15.514043,2026-02-18 09:42:45.852,2026-02-18 09:42:45.852,,15.615821,,1,1.01.04,UTC+0100,VhFspb+oN4,,com.sec.android.app.shealth,2026-02-18 09:41:00.000,1198c09c-b050-4766-adea-a8a301e40542,
63070031,2026-02-19 01:57:00.000,,02cea7c1-b483-489e-9482-df6e90dac6da.binning_data.json,63070031,15.641372,15.570537,2026-02-19 10:36:52.316,2026-02-19 10:36:52.316,,15.639155,,1,1.01.04,UTC+0100,VhFspb+oN4,,com.sec.android.app.shealth,2026-02-19 10:06:00.000,02cea7c1-b483-489e-9482-df6e90dac6da,
63070031,2026-02-20 02:51:00.000,,33dd45ce-38e8-48ad-a0b1-14d9be000d5d.binning_data.json,63070031,14.797138,14.977106,2026-02-20 08:51:00.475,2026-02-20 08:51:00.475,,15.836094,,1,1.01.04,UTC+0100,VhFspb+oN4,,com.sec.android.app.shealth,2026-02-20 08:32:00.000,33dd45ce-38e8-48ad-a0b1-14d9be000d5d,
63070031,2026-02-22 03:03:00.000,,4ae1ba67-84e1-4faf-ac7c-3643876a7535.binning_data.json,63070031,15.539279,15.54292,2026-02-22 09:54:38.481,2026-02-22 09:54:38.481,,15.608937,,1,1.01.04,UTC+0100,VhFspb+oN4,,com.sec.android.app.shealth,2026-02-22 09:30:00.000,4ae1ba67-84e1-4faf-ac7c-3643876a7535,
63070031,2026-02-24 01:32:00.000,,3222e75e-54cd-44f3-aefe-5d8be0287425.binning_data.json,63070031,15.080887,15.152353,2026-02-24 06:35:23.285,2026-02-24 06:35:23.285,,15.756439,,1,1.01.04,UTC+0100,VhFspb+oN4,,com.sec.android.app.shealth,2026-02-24 06:30:00.000,3222e75e-54cd-44f3-aefe-5d8be0287425,
63070031,2026-02-24 07:14:00.000,,e1870891-9e93-4c42-b5e5-fbc156c94ccb.binning_data.json,63070031,15.757655,15.490803,2026-02-24 09:11:51.365,2026-02-24 09:11:51.365,,15.718754,,1,1.01.04,UTC+0100,VhFspb+oN4,,com.sec.android.app.shealth,2026-02-24 09:00:00.000,e1870891-9e93-4c42-b5e5-fbc156c94ccb,
63070031,2026-02-25 02:12:00.000,,6ee388ce-3d71-437d-838d-3b319b0ed8a5.binning_data.json,63070031,15.196685,15.226801,2026-02-25 09:03:50.936,2026-02-25 09:03:50.936,,15.687908,,1,1.01.04,UTC+0100,VhFspb+oN4,,com.sec.android.app.shealth,2026-02-25 08:47:00.000,6ee388ce-3d71-437d-838d-3b319b0ed8a5,
63070031,2026-02-26 02:33:00.000,,7f18ab2f-fd32-4075-a6df-1631b4c6dd3e.binning_data.json,63070031,16.032785,15.481183,2026-02-26 10:30:15.061,2026-02-26 10:30:15.061,,16.00982,,1,1.01.04,UTC+0100,VhFspb+oN4,,com.sec.android.app.shealth,2026-02-26 10:05:00.000,7f18ab2f-fd32-4075-a6df-1631b4c6dd3e,
63070031,2026-03-01 02:56:00.000,,e7f14914-e379-4712-8af8-c35fda531d88.binning_data.json,63070031,15.088532,15.136675,2026-03-01 09:29:12.447,2026-03-01 09:29:12.447,,15.72541,,1,1.01.04,UTC+0100,VhFspb+oN4,,com.sec.android.app.shealth,2026-03-01 09:14:00.000,e7f14914-e379-4712-8af8-c35fda531d88,
63070031,2026-03-02 00:41:00.000,,f51d5491-c58a-4244-bbc6-e5ef37d457c9.binning_data.json,63070031,15.837665,15.459487,2026-03-02 03:04:33.354,2026-03-02 03:04:33.354,,15.782855,,1,1.01.04,UTC+0100,VhFspb+oN4,,com.sec.android.app.shealth,2026-03-02 02:59:00.000,f51d5491-c58a-4244-bbc6-e5ef37d457c9,
63070031,2026-03-02 03:23:00.000,,6b36bb62-2089-46cd-b343-690b75bd0091.binning_data.json,63070031,15.463752,15.482303,2026-03-02 07:26:58.792,2026-03-02 07:26:58.792,,15.637071,,1,1.01.04,UTC+0100,VhFspb+oN4,,com.sec.android.app.shealth,2026-03-02 06:57:00.000,6b36bb62-2089-46cd-b343-690b75bd0091,
63070031,2026-03-03 00:54:00.000,,21a59165-68ff-4a93-b4e3-7fbf07f940aa.binning_data.json,63070031,15.642174,15.564993,2026-03-03 07:46:03.016,2026-03-03 07:46:03.016,,15.643646,,0,1.01.04,UTC+0100,VhFspb+oN4,,com.sec.android.app.shealth,2026-03-03 07:29:00.000,21a59165-68ff-4a93-b4e3-7fbf07f940aa,
63100571,2026-03-04 00:17:00.000,,70fddb12-a492-462f-97bb-c384e33c72ea.binning_data.json,63100571,15.12715,15.20339,2026-03-04 08:35:13.249,2026-03-04 08:35:13.249,,15.727425,,1,1.01.04,UTC+0100,VhFspb+oN4,,com.sec.android.app.shealth,2026-03-04 08:30:00.000,70fddb12-a492-462f-97bb-c384e33c72ea,
63100571,2026-03-04 23:40:00.000,,241e134e-789c-49cd-a5e8-89a58b036729.binning_data.json,63100571,14.924221,15.089018,2026-03-05 05:14:36.966,2026-03-05 05:14:36.966,,15.831783,,1,1.01.04,UTC+0100,VhFspb+oN4,,com.sec.android.app.shealth,2026-03-05 05:03:00.000,241e134e-789c-49cd-a5e8-89a58b036729,
63100571,2026-03-06 00:28:00.000,,594b3092-057c-44ca-b39e-e595a519340c.binning_data.json,63100571,15.389724,15.433402,2026-03-06 06:35:06.296,2026-03-06 06:35:06.296,,15.676257,,1,1.01.04,UTC+0100,VhFspb+oN4,,com.sec.android.app.shealth,2026-03-06 06:34:00.000,594b3092-057c-44ca-b39e-e595a519340c,
63100571,2026-03-08 00:12:00.000,,3ff530ce-a191-4f4c-b532-dc1dccf81ab1.binning_data.json,63100571,15.658147,15.572652,2026-03-08 08:11:18.323,2026-03-08 08:11:18.323,,15.674134,,0,1.01.04,UTC+0100,VhFspb+oN4,,com.sec.android.app.shealth,2026-03-08 07:46:00.000,3ff530ce-a191-4f4c-b532-dc1dccf81ab1,
63100571,2026-03-08 23:19:00.000,,7d3cc401-1b8d-4881-825a-8a2bda60f893.binning_data.json,63100571,15.67582,15.583509,2026-03-09 06:17:57.427,2026-03-09 06:17:57.427,,15.689014,,0,1.01.04,UTC+0100,VhFspb+oN4,,com.sec.android.app.shealth,2026-03-09 06:02:00.000,7d3cc401-1b8d-4881-825a-8a2bda60f893,
63100571,2026-03-09 23:48:00.000,,64e015ec-9114-4a4d-9c0a-45acf521667e.binning_data.json,63100571,15.462351,15.498506,2026-03-10 07:53:05.372,2026-03-10 07:53:05.372,,15.713346,,1,1.01.04,UTC+0100,VhFspb+oN4,,com.sec.android.app.shealth,2026-03-10 07:30:00.000,64e015ec-9114-4a4d-9c0a-45acf521667e,
63100571,2026-03-11 00:19:00.000,,c8fbe6c0-ebaf-4dfe-8908-074dc479518d.binning_data.json,63100571,15.752812,15.631035,2026-03-11 08:14:21.138,2026-03-11 08:14:21.138,,15.737263,,1,1.01.04,UTC+0100,VhFspb+oN4,,com.sec.android.app.shealth,2026-03-11 07:50:00.000,c8fbe6c0-ebaf-4dfe-8908-074dc479518d,
63100571,2026-03-11 23:18:00.000,,46225cdd-4793-4e10-a2d9-1d481befdc0e.binning_data.json,63100571,15.029876,15.165165,2026-03-12 06:20:21.933,2026-03-12 06:20:21.933,,15.84664,,1,1.01.04,UTC+0100,VhFspb+oN4,,com.sec.android.app.shealth,2026-03-12 06:11:00.000,46225cdd-4793-4e10-a2d9-1d481befdc0e,
63100571,2026-03-12 22:06:00.000,,5ed86ffd-08cc-4eda-8853-b676155c551c.binning_data.json,63100571,15.596546,15.604217,2026-03-13 06:49:59.420,2026-03-13 06:49:59.420,,15.677981,,1,1.01.04,UTC+0100,VhFspb+oN4,,com.sec.android.app.shealth,2026-03-13 06:44:00.000,5ed86ffd-08cc-4eda-8853-b676155c551c,
63100571,2026-03-13 23:38:00.000,,5da059fa-161a-438c-9532-cb7c7dcdf806.binning_data.json,63100571,15.778606,15.622175,2026-03-14 06:46:23.776,2026-03-14 06:46:23.776,,15.755329,,1,1.01.04,UTC+0100,VhFspb+oN4,,com.sec.android.app.shealth,2026-03-14 06:20:00.000,5da059fa-161a-438c-9532-cb7c7dcdf806,
63100571,2026-03-15 00:48:00.000,,2d908061-141e-4a84-bef1-b54b2d2b876c.binning_data.json,63100571,15.674033,15.644861,2026-03-15 06:22:57.587,2026-03-15 06:22:57.587,,15.678961,,0,1.01.04,UTC+0100,VhFspb+oN4,,com.sec.android.app.shealth,2026-03-15 05:57:00.000,2d908061-141e-4a84-bef1-b54b2d2b876c,
63100571,2026-03-15 06:19:00.000,,687b60e9-8f79-4241-aea5-ea9cd45a8635.binning_data.json,63100571,15.053693,15.262429,2026-03-15 08:06:36.578,2026-03-15 08:06:36.578,,15.974256,,1,1.01.04,UTC+0100,VhFspb+oN4,,com.sec.android.app.shealth,2026-03-15 07:48:00.000,687b60e9-8f79-4241-aea5-ea9cd45a8635,
63100571,2026-03-16 01:05:00.000,,69f99dd3-1a2a-4f8c-b186-ec4730fd676b.binning_data.json,63100571,15.572089,15.594054,2026-03-16 08:44:05.985,2026-03-16 08:44:05.985,,15.689717,,1,1.01.04,UTC+0100,VhFspb+oN4,,com.sec.android.app.shealth,2026-03-16 08:18:00.000,69f99dd3-1a2a-4f8c-b186-ec4730fd676b,
63100571,2026-03-17 00:45:00.000,,7aca8502-844f-4b4a-83e0-2e084aff0bdc.binning_data.json,63100571,15.080447,15.245898,2026-03-17 08:01:01.884,2026-03-17 08:01:01.884,,15.829186,,1,1.01.04,UTC+0100,VhFspb+oN4,,com.sec.android.app.shealth,2026-03-17 07:35:00.000,7aca8502-844f-4b4a-83e0-2e084aff0bdc,
