com.samsung.health.water_intake,6311013,6
start_time,amount,custom,update_time,create_time,client_data_id,client_data_ver,time_offset,deviceuuid,unit_amount,comment,pkg_name,datauuid
2026-01-13 13:59:56.400,100.0,,2026-01-13 13:59:56.401,2026-01-13 13:59:56.401,,,UTC+0100,VhFspb+oN4,100.0,,com.sec.android.app.shealth,fb333d9f-1b35-4e37-96d2-c80b0f99ad8c,
2026-01-14 05:01:25.877,250.0,,2026-01-14 05:01:25.879,2026-01-14 05:01:25.879,,,UTC+0100,VhFspb+oN4,250.0,,com.sec.android.app.shealth,81870c30-888e-4f97-8466-6394c9a770bc,
2026-01-14 05:01:44.878,80.0,,2026-01-14 05:01:44.895,2026-01-14 05:01:44.895,,,UTC+0100,VhFspb+oN4,80.0,,com.sec.android.app.shealth,e17a4414-4dee-4ffa-8c56-87b1bf0a4776,
2026-01-14 06:00:10.060,80.0,,2026-01-14 06:00:10.144,2026-01-14 06:00:10.144,,,UTC+0100,VhFspb+oN4,80.0,,com.sec.android.app.shealth,68b0ae62-0abe-4bc6-8e64-8ea4c0ceb1b4,
2026-01-14 06:00:18.832,80.0,,2026-01-14 06:00:18.853,2026-01-14 06:00:18.853,,,UTC+0100,VhFspb+oN4,80.0,,com.sec.android.app.shealth,34e8a208-d466-42c7-b982-626ed8ee3b76,
2026-01-14 08:00:33.137,80.0,,2026-01-14 08:00:33.140,2026-01-14 08:00:33.140,,,UTC+0100,VhFspb+oN4,80.0,,com.sec.android.app.shealth,f3d673cb-272c-4709-9f5f-d14efea32efb,
2026-01-14 09:09:32.059,80.0,,2026-01-14 09:09:32.063,2026-01-14 09:09:32.063,,,UTC+0100,VhFspb+oN4,80.0,,com.sec.android.app.shealth,382c7600-a762-4c13-966e-3e848ebcc500,
2026-01-14 12:31:27.001,30.0,,2026-01-14 12:31:27.003,2026-01-14 12:31:27.003,,,UTC+0100,VhFspb+oN4,30.0,,com.sec.android.app.shealth,f3ccab0b-702b-4516-8433-f609329e6e13,
2026-01-14 12:31:30.690,30.0,,2026-01-14 12:31:30.731,2026-01-14 12:31:30.731,,,UTC+0100,VhFspb+oN4,30.0,,com.sec.android.app.shealth,0308e88e-8dd1-42b1-aa47-ba6256191863,
2026-01-14 12:31:31.969,30.0,,2026-01-14 12:31:31.971,2026-01-14 12:31:31.971,,,UTC+0100,VhFspb+oN4,30.0,,com.sec.android.app.shealth,99f762db-2175-49b9-9afb-f85d15c20571,
2026-01-14 12:31:33.147,30.0,,2026-01-14 12:31:33.148,2026-01-14 12:31:33.148,,,UTC+0100,VhFspb+oN4,30.0,,com.sec.android.app.shealth,2b0b4959-3858-49a3-bf51-0cd86543872d,
2026-01-14 13:00:42.277,30.0,,2026-01-14 13:00:42.292,2026-01-14 13:00:42.292,,,UTC+0100,VhFspb+oN4,30.0,,com.sec.android.app.shealth,0535cc4d-5602-47e3-9c84-789cdbb61d04,
2026-01-14 13:00:32.853,30.0,,2026-01-14 13:00:32.916,2026-01-14 13:00:32.916,,,UTC+0100,VhFspb+oN4,30.0,,com.sec.android.app.shealth,253382af-2145-4923-8c4f-d71681ee5bd5,
2026-01-14 13:00:40.508,30.0,,2026-01-14 13:00:40.516,2026-01-14 13:00:40.516,,,UTC+0100,VhFspb+oN4,30.0,,com.sec.android.app.shealth,a920df84-208f-4d14-a8af-c26d96a88c6f,
2026-01-14 13:00:41.525,30.0,,2026-01-14 13:00:41.528,2026-01-14 13:00:41.528,,,UTC+0100,VhFspb+oN4,30.0,,com.sec.android.app.shealth,d0f5ee81-5fc7-46a4-8917-09701d1dcb61,
2026-01-14 15:46:51.117,30.0,,2026-01-14 15:46:51.126,2026-01-14 15:46:51.126,,,UTC+0100,VhFspb+oN4,30.0,,com.sec.android.app.shealth,5534b144-0e17-4c7a-8858-72aed7bd05d8,
2026-01-14 15:46:50.534,30.0,,2026-01-14 15:46:50.545,2026-01-14 15:46:50.545,,,UTC+0100,VhFspb+oN4,30.0,,com.sec.android.app.shealth,3e8a9f7c-9f1d-4137-b941-076bec34bfde,
2026-01-14 15:46:52.825,30.0,,2026-01-14 15:46:52.826,2026-01-14 15:46:52.826,,,UTC+0100,VhFspb+oN4,30.0,,com.sec.android.app.shealth,a15672d3-eddf-4678-8afb-4c76b0a6e01b,
2026-01-14 15:46:51.829,30.0,,2026-01-14 15:46:51.831,2026-01-14 15:46:51.831,,,UTC+0100,VhFspb+oN4,30.0,,com.sec.android.app.shealth,2420d3ac-f1cb-4caf-b35a-0faaf06d5086,
2026-01-14 15:46:53.517,30.0,,2026-01-14 15:46:53.520,2026-01-14 15:46:53.520,,,UTC+0100,VhFspb+oN4,30.0,,com.sec.android.app.shealth,7ae44be2-64d8-482a-aef6-dd858752b24c,
2026-01-14 16:47:29.692,30.0,,2026-01-14 16:47:29.698,2026-01-14 16:47:29.698,,,UTC+0100,CdeuO5Zn7i,30.0,,com.sec.android.app.shealth,27cdcb85-b8af-414d-87f7-99015d6b8546,
2026-01-14 16:47:30.531,30.0,,2026-01-14 16:47:30.534,2026-01-14 16:47:30.534,,,UTC+0100,CdeuO5Zn7i,30.0,,com.sec.android.app.shealth,ed528976-c53a-4762-98ba-fa9ee2279fe6,
2026-01-14 16:47:31.244,30.0,,2026-01-14 16:47:31.251,2026-01-14 16:47:31.251,,,UTC+0100,CdeuO5Zn7i,30.0,,com.sec.android.app.shealth,810314ef-97aa-4a21-9e2d-a8d6db4acde3,
2026-01-14 16:47:32.041,30.0,,2026-01-14 16:47:32.048,2026-01-14 16:47:32.048,,,UTC+0100,CdeuO5Zn7i,30.0,,com.sec.android.app.shealth,19083433-cd14-4ad1-960d-85e569fea97c,
2026-01-14 16:47:33.370,30.0,,2026-01-14 16:47:33.374,2026-01-14 16:47:33.374,,,UTC+0100,CdeuO5Zn7i,30.0,,com.sec.android.app.shealth,5a72e232-7307-425f-b464-dc15ea036753,
2026-01-14 16:47:34.108,30.0,,2026-01-14 16:47:34.112,2026-01-14 16:47:34.112,,,UTC+0100,CdeuO5Zn7i,30.0,,com.sec.android.app.shealth,6721c877-250f-4cb9-bada-413415281834,
2026-01-15 06:11:39.982,30.0,,2026-01-15 06:11:39.987,2026-01-15 06:11:39.987,,,UTC+0100,VhFspb+oN4,30.0,,com.sec.android.app.shealth,8b3048d4-0654-4139-9d04-ba5dd6421764,
2026-01-15 06:11:40.628,30.0,,2026-01-15 06:11:40.634,2026-01-15 06:11:40.634,,,UTC+0100,VhFspb+oN4,30.0,,com.sec.android.app.shealth,135a3fea-9f23-4d51-a086-1f9701ee823e,
2026-01-15 06:12:04.063,30.0,,2026-01-15 06:12:04.073,2026-01-15 06:12:04.073,,,UTC+0100,VhFspb+oN4,30.0,,com.sec.android.app.shealth,5c423c57-4a6e-4725-b0f2-bc024c681944,
2026-01-15 06:11:32.814,30.0,,2026-01-15 06:11:32.815,2026-01-15 06:11:32.815,,,UTC+0100,VhFspb+oN4,30.0,,com.sec.android.app.shealth,4d42cce6-8bc9-4618-bab5-bfa02406838a,
2026-01-15 06:11:34.632,30.0,,2026-01-15 06:11:34.642,2026-01-15 06:11:34.642,,,UTC+0100,VhFspb+oN4,30.0,,com.sec.android.app.shealth,42e09db6-00f7-4848-befc-2e78c481a6cf,
2026-01-15 06:11:35.326,30.0,,2026-01-15 06:11:35.328,2026-01-15 06:11:35.328,,,UTC+0100,VhFspb+oN4,30.0,,com.sec.android.app.shealth,ff2e11b7-a690-431d-a932-fef4bc4b96df,
2026-01-15 06:11:39.066,30.0,,2026-01-15 06:11:39.068,2026-01-15 06:11:39.068,,,UTC+0100,VhFspb+oN4,30.0,,com.sec.android.app.shealth,6ebe0914-16b2-4c34-8a0b-a052d524bfe3,
2026-01-15 10:11:53.836,30.0,,2026-01-15 10:11:53.840,2026-01-15 10:11:53.840,,,UTC+0100,VhFspb+oN4,30.0,,com.sec.android.app.shealth,129c227d-d385-45b8-a026-eccc1dc49af4,
2026-01-15 10:11:54.635,30.0,,2026-01-15 10:11:54.639,2026-01-15 10:11:54.639,,,UTC+0100,VhFspb+oN4,30.0,,com.sec.android.app.shealth,08360a1d-dc8d-41dc-b8a5-d6e7ad9aaf74,
2026-01-15 10:11:55.613,30.0,,2026-01-15 10:11:55.618,2026-01-15 10:11:55.618,,,UTC+0100,VhFspb+oN4,30.0,,com.sec.android.app.shealth,ea349919-0435-4978-8172-f15c55d7f2f1,
2026-01-15 10:11:56.777,30.0,,2026-01-15 10:11:56.779,2026-01-15 10:11:56.779,,,UTC+0100,VhFspb+oN4,30.0,,com.sec.android.app.shealth,4668abc7-89e5-4574-8a50-bdd569ae359c,
2026-01-15 10:11:58.123,30.0,,2026-01-15 10:11:58.124,2026-01-15 10:11:58.124,,,UTC+0100,VhFspb+oN4,30.0,,com.sec.android.app.shealth,ae796710-64ae-4b1e-bd6f-0bbb56f72ad0,
2026-01-15 10:11:59.836,30.0,,2026-01-15 10:11:59.838,2026-01-15 10:11:59.838,,,UTC+0100,VhFspb+oN4,30.0,,com.sec.android.app.shealth,7fb7be39-6430-448c-8408-76a18d92e0df,
2026-01-15 10:12:01.669,30.0,,2026-01-15 10:12:01.679,2026-01-15 10:12:01.679,,,UTC+0100,VhFspb+oN4,30.0,,com.sec.android.app.shealth,c3c908e8-f20d-4cef-a11d-50d192ff6dc7,
2026-01-15 13:03:32.453,30.0,,2026-01-15 13:03:32.467,2026-01-15 13:03:32.467,,,UTC+0100,VhFspb+oN4,30.0,,com.sec.android.app.shealth,09186a08-9ceb-45cc-bcc5-cf5fe643e3e6,
2026-01-15 13:03:33.745,30.0,,2026-01-15 13:03:33.746,2026-01-15 13:03:33.746,,,UTC+0100,VhFspb+oN4,30.0,,com.sec.android.app.shealth,173c3c45-9b7e-48d8-a081-5c71a9549f23,
2026-01-15 13:03:35.217,30.0,,2026-01-15 13:03:35.218,2026-01-15 13:03:35.218,,,UTC+0100,VhFspb+oN4,30.0,,com.sec.android.app.shealth,2e721800-ec8a-49ac-825d-76eb16cd16d7,
2026-01-15 13:03:36.266,30.0,,2026-01-15 13:03:36.268,2026-01-15 13:03:36.268,,,UTC+0100,VhFspb+oN4,30.0,,com.sec.android.app.shealth,d5bc3192-3a58-4ad5-8cad-3e6d2ff9beae,
2026-01-15 13:03:37.755,30.0,,2026-01-15 13:03:37.757,2026-01-15 13:03:37.757,,,UTC+0100,VhFspb+oN4,30.0,,com.sec.android.app.shealth,1e501dfa-c75c-4b76-8ffb-bdad11a0534a,
2026-01-15 13:03:39.020,30.0,,2026-01-15 13:03:39.021,2026-01-15 13:03:39.021,,,UTC+0100,VhFspb+oN4,30.0,,com.sec.android.app.shealth,8ff50ef9-e152-4fdb-9d2a-34121476f5cf,
2026-01-15 13:26:54.106,30.0,,2026-01-15 13:26:54.111,2026-01-15 13:26:54.111,,,UTC+0100,VhFspb+oN4,30.0,,com.sec.android.app.shealth,d4cfdd6b-dbe0-46c0-b572-8e61d6ee630c,
2026-01-15 13:26:56.215,30.0,,2026-01-15 13:26:56.229,2026-01-15 13:26:56.229,,,UTC+0100,VhFspb+oN4,30.0,,com.sec.android.app.shealth,12fa6b12-9db9-41bb-80c8-88bad66d9e53,
2026-01-15 13:26:57.290,30.0,,2026-01-15 13:26:57.292,2026-01-15 13:26:57.292,,,UTC+0100,VhFspb+oN4,30.0,,com.sec.android.app.shealth,ca1f522e-0c93-4246-97b6-01bb61370ff0,
2026-01-15 13:26:59.084,30.0,,2026-01-15 13:26:59.093,2026-01-15 13:26:59.093,,,UTC+0100,VhFspb+oN4,30.0,,com.sec.android.app.shealth,2193bb1b-6fec-49ca-bc22-9e05a61a1ae9,
2026-01-15 16:38:19.076,30.0,,2026-01-15 16:38:19.115,2026-01-15 16:38:19.115,,,UTC+0100,VhFspb+oN4,30.0,,com.sec.android.app.shealth,2e9f5fb8-daba-4994-84b3-c257b1c7d3cc,
2026-01-15 16:38:19.354,30.0,,2026-01-15 16:38:19.355,2026-01-15 16:38:19.355,,,UTC+0100,VhFspb+oN4,30.0,,com.sec.android.app.shealth,d7a5bc30-0997-4678-9b65-54fd199fa227,
2026-01-15 16:38:27.916,30.0,,2026-01-15 16:38:27.919,2026-01-15 16:38:27.919,,,UTC+0100,VhFspb+oN4,30.0,,com.sec.android.app.shealth,8d25aaf4-b5e0-46bd-943b-5c2d0aed7392,
2026-01-15 16:38:28.974,30.0,,2026-01-15 16:38:28.976,2026-01-15 16:38:28.976,,,UTC+0100,VhFspb+oN4,30.0,,com.sec.android.app.shealth,c061eea8-5ecd-4020-96e6-620e2e5abe68,
2026-01-15 16:38:30.289,30.0,,2026-01-15 16:38:30.290,2026-01-15 16:38:30.290,,,UTC+0100,VhFspb+oN4,30.0,,com.sec.android.app.shealth,f314dd17-1687-4703-acfa-1a8d8c47a276,
2026-01-15 16:38:50.607,30.0,,2026-01-15 16:38:50.609,2026-01-15 16:38:50.609,,,UTC+0100,VhFspb+oN4,30.0,,com.sec.android.app.shealth,4d1d51b8-b0b9-4023-beef-3c4a8852b038,
2026-01-15 16:38:15.194,30.0,,2026-01-15 16:38:15.220,2026-01-15 16:38:15.220,,,UTC+0100,VhFspb+oN4,30.0,,com.sec.android.app.shealth,a8a43db1-6ad4-4f46-aa70-f9eb4f0b5a1d,
2026-01-15 16:38:15.837,30.0,,2026-01-15 16:38:15.846,2026-01-15 16:38:15.846,,,UTC+0100,VhFspb+oN4,30.0,,com.sec.android.app.shealth,edcbab65-9647-46ea-9b15-175c921a7a69,
2026-01-15 16:38:16.685,30.0,,2026-01-15 16:38:16.695,2026-01-15 16:38:16.695,,,UTC+0100,VhFspb+oN4,30.0,,com.sec.android.app.shealth,4fcbf446-8aef-4108-8065-5157a6b2c48a,
2026-01-15 16:38:31.580,30.0,,2026-01-15 16:38:31.582,2026-01-15 16:38:31.582,,,UTC+0100,VhFspb+oN4,30.0,,com.sec.android.app.shealth,b8f5c20b-c1ec-4dd6-9957-56cab25f09f3,
2026-01-15 16:38:33.226,30.0,,2026-01-15 16:38:33.228,2026-01-15 16:38:33.228,,,UTC+0100,VhFspb+oN4,30.0,,com.sec.android.app.shealth,6ea3b891-a1a9-43b8-8e22-329615faa2f0,
2026-01-15 16:38:54.329,30.0,,2026-01-15 16:38:54.344,2026-01-15 16:38:54.344,,,UTC+0100,VhFspb+oN4,30.0,,com.sec.android.app.shealth,5c75b381-3f72-4903-be66-054638bf5756,
2026-01-15 16:38:51.834,30.0,,2026-01-15 16:38:51.836,2026-01-15 16:38:51.836,,,UTC+0100,VhFspb+oN4,30.0,,com.sec.android.app.shealth,0c12fcc8-dda1-4f87-8ba7-0d37ed6b508d,
2026-01-15 16:38:53.117,30.0,,2026-01-15 16:38:53.119,2026-01-15 16:38:53.119,,,UTC+0100,VhFspb+oN4,30.0,,com.sec.android.app.shealth,c11e8785-d6a7-4d19-8da3-a99f2012bf1c,
2026-01-15 16:38:49.131,30.0,,2026-01-15 16:38:49.138,2026-01-15 16:38:49.138,,,UTC+0100,VhFspb+oN4,30.0,,com.sec.android.app.shealth,a7a4946c-35bb-4f0b-9bfc-8057169d20e8,
2026-01-19 04:57:45.366,30.0,,2026-01-19 04:57:45.399,2026-01-19 04:57:45.399,,,UTC+0100,VhFspb+oN4,30.0,,com.sec.android.app.shealth,47718c71-234a-46c3-ae0e-c6ef73e83b30,
2026-01-19 04:57:46.837,30.0,,2026-01-19 04:57:46.839,2026-01-19 04:57:46.839,,,UTC+0100,VhFspb+oN4,30.0,,com.sec.android.app.shealth,2e12b688-9d58-4ce3-b7ec-af487e65ad4a,
2026-01-19 04:57:47.807,30.0,,2026-01-19 04:57:47.812,2026-01-19 04:57:47.812,,,UTC+0100,VhFspb+oN4,30.0,,com.sec.android.app.shealth,8186380b-b143-4a81-a990-fd00a3b02c37,
2026-01-19 04:57:49.445,30.0,,2026-01-19 04:57:49.451,2026-01-19 04:57:49.451,,,UTC+0100,VhFspb+oN4,30.0,,com.sec.android.app.shealth,ffa6c0b5-d08b-4206-8b41-1284962166fb,
2026-01-19 04:57:50.178,30.0,,2026-01-19 04:57:50.179,2026-01-19 04:57:50.179,,,UTC+0100,VhFspb+oN4,30.0,,com.sec.android.app.shealth,f491700c-0f23-4a22-89eb-b49acaa6720a,
2026-01-19 08:03:36.726,30.0,,2026-01-19 08:03:36.727,2026-01-19 08:03:36.727,,,UTC+0100,VhFspb+oN4,30.0,,com.sec.android.app.shealth,11bb8ec3-7ecf-4b6d-a181-e673932cd93f,
2026-01-19 08:03:38.108,30.0,,2026-01-19 08:03:38.115,2026-01-19 08:03:38.115,,,UTC+0100,VhFspb+oN4,30.0,,com.sec.android.app.shealth,e1285146-4e36-4fd0-a466-007a3e4fe45b,
2026-01-19 08:03:39.527,30.0,,2026-01-19 08:03:39.528,2026-01-19 08:03:39.528,,,UTC+0100,VhFspb+oN4,30.0,,com.sec.android.app.shealth,d07dd328-b509-432d-838d-0a35ee9f1adf,
2026-01-19 08:03:40.769,30.0,,2026-01-19 08:03:40.770,2026-01-19 08:03:40.770,,,UTC+0100,VhFspb+oN4,30.0,,com.sec.android.app.shealth,43689915-73ee-473a-b61e-a785e1d3377c,
2026-01-19 08:03:35.505,30.0,,2026-01-19 08:03:35.510,2026-01-19 08:03:35.510,,,UTC+0100,VhFspb+oN4,30.0,,com.sec.android.app.shealth,1331e7b3-5042-4f60-b6e0-628d8c413bc8,
2026-01-19 10:55:34.487,30.0,,2026-01-19 10:55:34.541,2026-01-19 10:55:34.541,,,UTC+0100,VhFspb+oN4,30.0,,com.sec.android.app.shealth,97bb3f0b-8c9b-4f56-bbe4-002da197094e,
2026-01-19 10:55:36.680,30.0,,2026-01-19 10:55:36.681,2026-01-19 10:55:36.681,,,UTC+0100,VhFspb+oN4,30.0,,com.sec.android.app.shealth,d1af1370-962a-49b2-ac77-b59f816d0647,
2026-01-19 10:55:38.342,30.0,,2026-01-19 10:55:38.343,2026-01-19 10:55:38.343,,,UTC+0100,VhFspb+oN4,30.0,,com.sec.android.app.shealth,87836853-7abd-4c6d-8b73-9f21382b8223,
2026-02-10 10:00:34.106,30.0,,2026-02-10 10:00:34.109,2026-02-10 10:00:34.109,,,UTC+0100,VhFspb+oN4,30.0,,com.sec.android.app.shealth,2b33254a-9ea6-4df9-a224-2eea8a1a90d9,
2026-02-10 10:00:35.158,30.0,,2026-02-10 10:00:35.160,2026-02-10 10:00:35.160,,,UTC+0100,VhFspb+oN4,30.0,,com.sec.android.app.shealth,34db64e2-e802-430e-97f6-35ac041481d6,
2026-02-10 10:00:36.174,30.0,,2026-02-10 10:00:36.176,2026-02-10 10:00:36.176,,,UTC+0100,VhFspb+oN4,30.0,,com.sec.android.app.shealth,1223ed92-d8d0-461f-acea-b2fc7da07826,
2026-02-10 10:00:37.183,30.0,,2026-02-10 10:00:37.186,2026-02-10 10:00:37.186,,,UTC+0100,VhFspb+oN4,30.0,,com.sec.android.app.shealth,b6d2f010-2969-41c5-80b4-5f568acd7685,
2026-02-10 10:00:38.191,30.0,,2026-02-10 10:00:38.196,2026-02-10 10:00:38.196,,,UTC+0100,VhFspb+oN4,30.0,,com.sec.android.app.shealth,2be6f368-ec53-4815-b762-e51f9097fbe8,
2026-02-10 10:00:40.180,30.0,,2026-02-10 10:00:40.194,2026-02-10 10:00:40.194,,,UTC+0100,VhFspb+oN4,30.0,,com.sec.android.app.shealth,dd0c6d17-797b-4723-8c70-d9bed9e3242e,
2026-02-10 10:00:41.554,30.0,,2026-02-10 10:00:41.571,2026-02-10 10:00:41.571,,,UTC+0100,VhFspb+oN4,30.0,,com.sec.android.app.shealth,a9879203-2a26-4cf6-800e-cc9775a6bc5b,
2026-02-10 10:00:39.113,30.0,,2026-02-10 10:00:39.116,2026-02-10 10:00:39.116,,,UTC+0100,VhFspb+oN4,30.0,,com.sec.android.app.shealth,6fff801e-0f0d-4551-a529-9d9b6bbbaf74,
2026-02-10 10:16:47.496,30.0,,2026-02-10 10:16:47.510,2026-02-10 10:16:47.510,,,UTC+0100,VhFspb+oN4,30.0,,com.sec.android.app.shealth,d70088e6-ac40-4095-bbba-6a16af4ba772,
2026-02-10 10:16:49.373,30.0,,2026-02-10 10:16:49.376,2026-02-10 10:16:49.376,,,UTC+0100,VhFspb+oN4,30.0,,com.sec.android.app.shealth,142327dc-2971-4ac3-8935-325ea732000c,
2026-02-10 10:16:52.748,30.0,,2026-02-10 10:16:52.750,2026-02-10 10:16:52.750,,,UTC+0100,VhFspb+oN4,30.0,,com.sec.android.app.shealth,28fa83a9-4bb6-464d-a872-5cce1fe963c7,
2026-02-10 10:17:20.732,30.0,,2026-02-10 10:17:20.736,2026-02-10 10:17:20.736,,,UTC+0100,VhFspb+oN4,30.0,,com.sec.android.app.shealth,1fd3288b-cf41-4902-b5e5-1a8f77678d76,
2026-02-10 10:16:51.608,30.0,,2026-02-10 10:16:51.616,2026-02-10 10:16:51.616,,,UTC+0100,VhFspb+oN4,30.0,,com.sec.android.app.shealth,9dc82c38-a8a0-4852-9c4b-e7392e79e250,
2026-02-10 10:17:22.193,30.0,,2026-02-10 10:17:22.195,2026-02-10 10:17:22.195,,,UTC+0100,VhFspb+oN4,30.0,,com.sec.android.app.shealth,967274b5-b066-4c8d-9d39-29f559b02171,
2026-02-10 10:17:23.177,30.0,,2026-02-10 10:17:23.178,2026-02-10 10:17:23.178,,,UTC+0100,VhFspb+oN4,30.0,,com.sec.android.app.shealth,f69b6b7c-69f6-4aac-a835-1f6d7aef0417,
2026-02-10 10:43:42.081,30.0,,2026-02-10 10:43:42.094,2026-02-10 10:43:42.094,,,UTC+0100,VhFspb+oN4,30.0,,com.sec.android.app.shealth,cdbffe45-69e7-4c78-95a0-69f28cc5fb65,
2026-02-10 10:43:43.915,30.0,,2026-02-10 10:43:43.916,2026-02-10 10:43:43.916,,,UTC+0100,VhFspb+oN4,30.0,,com.sec.android.app.shealth,da9f6dca-a0f8-47c1-81ac-c913e5be4b14,
2026-02-10 10:47:13.864,30.0,,2026-02-10 10:47:13.866,2026-02-10 10:47:13.866,,,UTC+0100,VhFspb+oN4,30.0,,com.sec.android.app.shealth,e4cb03ca-a089-4aa1-924f-39034ab4292d,
2026-02-10 10:47:16.105,30.0,,2026-02-10 10:47:16.107,2026-02-10 10:47:16.107,,,UTC+0100,VhFspb+oN4,30.0,,com.sec.android.app.shealth,31df3ff2-2876-4069-aa46-00d8a6e737b9,
2026-02-10 10:47:18.067,30.0,,2026-02-10 10:47:18.069,2026-02-10 10:47:18.069,,,UTC+0100,VhFspb+oN4,30.0,,com.sec.android.app.shealth,f693cd9a-ac2d-4b19-9f6f-78ebfd449345,
2026-02-10 10:47:19.225,30.0,,2026-02-10 10:47:19.227,2026-02-10 10:47:19.227,,,UTC+0100,VhFspb+oN4,30.0,,com.sec.android.app.shealth,445d615d-703c-4af5-8a6d-9974419d0c46,
2026-02-10 11:14:52.533,30.0,,2026-02-10 11:14:52.543,2026-02-10 11:14:52.543,,,UTC+0100,VhFspb+oN4,30.0,,com.sec.android.app.shealth,466f626c-9b7a-474f-8141-9628a72818c7,
2026-02-10 11:14:53.817,30.0,,2026-02-10 11:14:53.828,2026-02-10 11:14:53.828,,,UTC+0100,VhFspb+oN4,30.0,,com.sec.android.app.shealth,35b4f274-6b8c-4586-8d5f-0656dc126fd3,
2026-02-10 11:14:55.430,30.0,,2026-02-10 11:14:55.437,2026-02-10 11:14:55.437,,,UTC+0100,VhFspb+oN4,30.0,,com.sec.android.app.shealth,e39bffe5-c389-447d-8f28-3db034a1dc8f,
2026-02-10 11:14:56.437,30.0,,2026-02-10 11:14:56.439,2026-02-10 11:14:56.439,,,UTC+0100,VhFspb+oN4,30.0,,com.sec.android.app.shealth,f1060c6b-a129-4bdb-82c2-6f56a0e6ddde,
2026-02-10 11:44:21.408,30.0,,2026-02-10 11:44:21.411,2026-02-10 11:44:21.411,,,UTC+0100,VhFspb+oN4,30.0,,com.sec.android.app.shealth,f7bd7356-f4ce-4483-81ee-04cf9da82a59,
2026-02-10 11:44:22.945,30.0,,2026-02-10 11:44:22.947,2026-02-10 11:44:22.947,,,UTC+0100,VhFspb+oN4,30.0,,com.sec.android.app.shealth,3ca17cae-7e4d-474c-a33d-0410129c16cb,
2026-02-10 11:44:24.559,30.0,,2026-02-10 11:44:24.561,2026-02-10 11:44:24.561,,,UTC+0100,VhFspb+oN4,30.0,,com.sec.android.app.shealth,fa064347-c6ec-4fcb-a1e3-e6c69a2d111b,
2026-02-10 12:43:08.118,30.0,,2026-02-10 12:43:08.119,2026-02-10 12:43:08.119,,,UTC+0100,VhFspb+oN4,30.0,,com.sec.android.app.shealth,27346266-258a-4685-9648-cff9f4432307,
2026-02-10 12:43:09.500,30.0,,2026-02-10 12:43:09.504,2026-02-10 12:43:09.504,,,UTC+0100,VhFspb+oN4,30.0,,com.sec.android.app.shealth,9e7fc0d6-af8c-478f-99a1-089b7b5d9cd0,
2026-02-10 12:43:11.263,30.0,,2026-02-10 12:43:11.265,2026-02-10 12:43:11.265,,,UTC+0100,VhFspb+oN4,30.0,,com.sec.android.app.shealth,cd71279d-cfa4-40c8-b222-e6d9ebf347e7,
2026-02-10 12:45:41.015,30.0,,2026-02-10 12:45:41.022,2026-02-10 12:45:41.022,,,UTC+0100,VhFspb+oN4,30.0,,com.sec.android.app.shealth,0ad29067-6c8a-47a0-a3d0-09e3f955cd47,
2026-02-10 12:45:39.943,30.0,,2026-02-10 12:45:39.945,2026-02-10 12:45:39.945,,,UTC+0100,VhFspb+oN4,30.0,,com.sec.android.app.shealth,eafa7ed6-da13-47a6-acb4-9318b3cd78b5,
2026-02-10 12:43:12.538,30.0,,2026-02-10 12:43:12.540,2026-02-10 12:43:12.540,,,UTC+0100,VhFspb+oN4,30.0,,com.sec.android.app.shealth,a2ffd769-da1c-4dab-a026-42bdc13bafb0,
2026-02-10 12:43:13.599,30.0,,2026-02-10 12:43:13.601,2026-02-10 12:43:13.601,,,UTC+0100,VhFspb+oN4,30.0,,com.sec.android.app.shealth,5dd5ac07-e7d1-4eda-b1c1-708ef8a45446,
2026-02-10 12:43:14.421,30.0,,2026-02-10 12:43:14.427,2026-02-10 12:43:14.427,,,UTC+0100,VhFspb+oN4,30.0,,com.sec.android.app.shealth,0229809c-3bd1-4639-af23-6286ace33d5a,
2026-02-10 12:45:37.579,30.0,,2026-02-10 12:45:37.618,2026-02-10 12:45:37.618,,,UTC+0100,VhFspb+oN4,30.0,,com.sec.android.app.shealth,40e9e0c7-972e-4d1a-8828-292fabd19907,
2026-02-10 12:45:42.109,30.0,,2026-02-10 12:45:42.128,2026-02-10 12:45:42.128,,,UTC+0100,VhFspb+oN4,30.0,,com.sec.android.app.shealth,eb91d18e-869d-4b60-ad08-5adf847a8f68,
2026-02-10 12:45:38.866,30.0,,2026-02-10 12:45:38.870,2026-02-10 12:45:38.870,,,UTC+0100,VhFspb+oN4,30.0,,com.sec.android.app.shealth,239334d4-acfc-4918-83ac-8fd3bb5f5b29,
2026-02-10 12:52:38.127,30.0,,2026-02-10 12:52:38.132,2026-02-10 12:52:38.132,,,UTC+0100,VhFspb+oN4,30.0,,com.sec.android.app.shealth,371cdfbc-0455-4674-828b-dc409ce5e0ec,
2026-02-10 12:52:39.444,30.0,,2026-02-10 12:52:39.445,2026-02-10 12:52:39.445,,,UTC+0100,VhFspb+oN4,30.0,,com.sec.android.app.shealth,c0e4a970-ec9b-48b7-a330-0869f6b521d3,
2026-02-10 12:52:40.793,30.0,,2026-02-10 12:52:40.794,2026-02-10 12:52:40.794,,,UTC+0100,VhFspb+oN4,30.0,,com.sec.android.app.shealth,5e2ed42d-8139-4237-8e64-63ffb15991ba,
2026-02-10 18:51:08.787,30.0,,2026-02-10 18:51:08.790,2026-02-10 18:51:08.790,,,UTC+0100,VhFspb+oN4,30.0,,com.sec.android.app.shealth,d4a98af5-4764-4425-ab83-4dafe93b0027,
2026-02-10 18:51:10.752,30.0,,2026-02-10 18:51:10.754,2026-02-10 18:51:10.754,,,UTC+0100,VhFspb+oN4,30.0,,com.sec.android.app.shealth,c6cbd443-bce2-45ae-bc12-861c659bb62e,
2026-02-10 18:51:11.792,30.0,,2026-02-10 18:51:11.794,2026-02-10 18:51:11.794,,,UTC+0100,VhFspb+oN4,30.0,,com.sec.android.app.shealth,fd2b2e0d-cf81-4c9c-ae16-375bc50462aa,
2026-02-10 18:51:13.928,30.0,,2026-02-10 18:51:13.943,2026-02-10 18:51:13.943,,,UTC+0100,VhFspb+oN4,30.0,,com.sec.android.app.shealth,4a0c2413-af34-4edc-b9cf-ca94cae3c519,
2026-02-10 18:51:18.082,30.0,,2026-02-10 18:51:18.095,2026-02-10 18:51:18.095,,,UTC+0100,VhFspb+oN4,30.0,,com.sec.android.app.shealth,96eee080-f6b2-4068-a047-dbaa1ffcc359,
2026-02-10 20:59:38.576,30.0,,2026-02-10 20:59:38.578,2026-02-10 20:59:38.578,,,UTC+0100,VhFspb+oN4,30.0,,com.sec.android.app.shealth,b4b60876-222a-4b92-ae1a-7160d3910f86,
2026-02-10 20:59:39.693,30.0,,2026-02-10 20:59:39.695,2026-02-10 20:59:39.695,,,UTC+0100,VhFspb+oN4,30.0,,com.sec.android.app.shealth,63647860-98f4-436d-94aa-96b85fb7b7c6,
2026-02-10 22:43:53.182,30.0,,2026-02-10 22:43:53.426,2026-02-10 22:43:53.426,,,UTC+0100,CdeuO5Zn7i,30.0,,com.sec.android.app.shealth,f9e95534-082b-450d-90d5-fa07dd1c58b4,
2026-02-10 22:43:59.220,30.0,,2026-02-10 22:43:59.224,2026-02-10 22:43:59.224,,,UTC+0100,CdeuO5Zn7i,30.0,,com.sec.android.app.shealth,fe2c3b9a-c8fc-44f0-8b0d-1519769286c8,
2026-02-10 22:44:00.511,30.0,,2026-02-10 22:44:00.520,2026-02-10 22:44:00.520,,,UTC+0100,CdeuO5Zn7i,30.0,,com.sec.android.app.shealth,42afa39b-b86a-4af1-883c-91e8594cccd8,
2026-02-10 22:44:01.948,30.0,,2026-02-10 22:44:01.954,2026-02-10 22:44:01.954,,,UTC+0100,CdeuO5Zn7i,30.0,,com.sec.android.app.shealth,1ec1d2a2-ba8e-456b-86b9-ed1a6c25597c,
2026-02-10 22:44:03.095,30.0,,2026-02-10 22:44:03.100,2026-02-10 22:44:03.100,,,UTC+0100,CdeuO5Zn7i,30.0,,com.sec.android.app.shealth,e487511d-6abf-4205-8de5-a69b43d028f3,
2026-02-10 22:44:04.191,30.0,,2026-02-10 22:44:04.196,2026-02-10 22:44:04.196,,,UTC+0100,CdeuO5Zn7i,30.0,,com.sec.android.app.shealth,075a694b-674b-4bfe-9f98-44b3f86da652,
2026-02-10 22:44:05.394,30.0,,2026-02-10 22:44:05.399,2026-02-10 22:44:05.399,,,UTC+0100,CdeuO5Zn7i,30.0,,com.sec.android.app.shealth,cee73968-937f-4a9c-915d-95e668e99f05,
2026-02-10 22:44:06.498,30.0,,2026-02-10 22:44:06.504,2026-02-10 22:44:06.504,,,UTC+0100,CdeuO5Zn7i,30.0,,com.sec.android.app.shealth,083d5597-2497-4d26-88e2-0087dd1a0a37,
2026-02-10 22:44:07.593,30.0,,2026-02-10 22:44:07.596,2026-02-10 22:44:07.596,,,UTC+0100,CdeuO5Zn7i,30.0,,com.sec.android.app.shealth,b0221d38-0dbe-4735-872d-63bed75848bb,
2026-02-10 22:44:08.790,30.0,,2026-02-10 22:44:08.795,2026-02-10 22:44:08.795,,,UTC+0100,CdeuO5Zn7i,30.0,,com.sec.android.app.shealth,0bcf7a62-9d9d-4028-92ef-dfd59f0bdbfa,
2026-02-10 22:44:09.940,30.0,,2026-02-10 22:44:09.946,2026-02-10 22:44:09.946,,,UTC+0100,CdeuO5Zn7i,30.0,,com.sec.android.app.shealth,d6167614-2009-4387-9bd5-56ee459cefa7,
2026-02-10 23:06:17.534,30.0,,2026-02-10 23:06:17.557,2026-02-10 23:06:17.557,,,UTC+0100,CdeuO5Zn7i,30.0,,com.sec.android.app.shealth,43457abb-942d-4c25-b464-32c020f2bf31,
2026-02-10 23:06:18.958,30.0,,2026-02-10 23:06:18.966,2026-02-10 23:06:18.966,,,UTC+0100,CdeuO5Zn7i,30.0,,com.sec.android.app.shealth,ff245a38-475f-4923-88f2-37b094de6374,
2026-02-10 00:49:10.355,30.0,,2026-02-11 00:49:10.362,2026-02-11 00:49:10.362,,,UTC+0100,CdeuO5Zn7i,30.0,,com.sec.android.app.shealth,743917f9-6fcc-48f0-9128-d1d5f24b41c6,
2026-02-10 00:49:11.115,30.0,,2026-02-11 00:49:11.119,2026-02-11 00:49:11.119,,,UTC+0100,CdeuO5Zn7i,30.0,,com.sec.android.app.shealth,b788796e-695e-45f3-a644-335309df4652,
2026-02-10 00:49:12.764,30.0,,2026-02-11 00:49:12.766,2026-02-11 00:49:12.766,,,UTC+0100,CdeuO5Zn7i,30.0,,com.sec.android.app.shealth,0d1d9d3b-ce2c-4ebe-a32d-d3d8e433e125,
2026-02-10 00:49:13.611,30.0,,2026-02-11 00:49:13.617,2026-02-11 00:49:13.617,,,UTC+0100,CdeuO5Zn7i,30.0,,com.sec.android.app.shealth,1fbf41e9-e9ab-4887-bf4c-1d4815ee62d2,
2026-02-10 00:49:14.543,30.0,,2026-02-11 00:49:14.548,2026-02-11 00:49:14.548,,,UTC+0100,CdeuO5Zn7i,30.0,,com.sec.android.app.shealth,95859fb2-bd4b-45e9-b0ce-9cde5f4b7a3a,
2026-02-10 00:49:15.526,30.0,,2026-02-11 00:49:15.529,2026-02-11 00:49:15.529,,,UTC+0100,CdeuO5Zn7i,30.0,,com.sec.android.app.shealth,604e2ed1-d57d-47f3-90c5-4fe00ce8f1f2,
2026-02-10 00:49:16.656,30.0,,2026-02-11 00:49:16.660,2026-02-11 00:49:16.660,,,UTC+0100,CdeuO5Zn7i,30.0,,com.sec.android.app.shealth,64c2cf9f-f683-4361-943f-90b224fc15a5,
2026-02-11 11:37:55.761,30.0,,2026-02-11 11:37:55.769,2026-02-11 11:37:55.769,,,UTC+0100,VhFspb+oN4,30.0,,com.sec.android.app.shealth,1faeba4a-d670-4a53-bd01-c07165cb4086,
2026-02-11 11:37:57.204,30.0,,2026-02-11 11:37:57.205,2026-02-11 11:37:57.205,,,UTC+0100,VhFspb+oN4,30.0,,com.sec.android.app.shealth,a1a08c74-3a3c-44fe-aa50-f4c492cceda1,
2026-02-11 11:37:58.434,30.0,,2026-02-11 11:37:58.435,2026-02-11 11:37:58.435,,,UTC+0100,VhFspb+oN4,30.0,,com.sec.android.app.shealth,4c42aa28-8a6c-4a18-8628-aa9e5329699e,
2026-02-11 11:37:59.951,30.0,,2026-02-11 11:37:59.952,2026-02-11 11:37:59.952,,,UTC+0100,VhFspb+oN4,30.0,,com.sec.android.app.shealth,60ce74f3-1628-42d6-8480-1edc301cc405,
2026-02-11 11:38:01.108,30.0,,2026-02-11 11:38:01.112,2026-02-11 11:38:01.112,,,UTC+0100,VhFspb+oN4,30.0,,com.sec.android.app.shealth,baa81da2-bbcb-4f5f-b550-13c57c1b8b02,
2026-02-11 17:26:28.186,30.0,,2026-02-11 17:26:28.201,2026-02-11 17:26:28.201,,,UTC+0100,VhFspb+oN4,30.0,,com.sec.android.app.shealth,8c183d9c-ec8a-4e73-a829-de4fc65974c0,
2026-02-11 17:26:29.447,30.0,,2026-02-11 17:26:29.449,2026-02-11 17:26:29.449,,,UTC+0100,VhFspb+oN4,30.0,,com.sec.android.app.shealth,c491a5cd-8329-408d-a5e3-d64a3e159f66,
2026-02-11 17:26:35.237,30.0,,2026-02-11 17:26:35.244,2026-02-11 17:26:35.244,,,UTC+0100,VhFspb+oN4,30.0,,com.sec.android.app.shealth,845d6178-10c5-4573-b6bc-29ce8f5e85dd,
2026-02-11 17:26:30.794,30.0,,2026-02-11 17:26:30.803,2026-02-11 17:26:30.803,,,UTC+0100,VhFspb+oN4,30.0,,com.sec.android.app.shealth,2601fe0e-6d9a-48f6-8830-bda67d0f11b7,
2026-02-11 17:26:31.996,30.0,,2026-02-11 17:26:31.997,2026-02-11 17:26:31.997,,,UTC+0100,VhFspb+oN4,30.0,,com.sec.android.app.shealth,057d3652-d49f-43f4-ade2-5faa23dc8a9b,
2026-02-11 17:26:33.540,30.0,,2026-02-11 17:26:33.551,2026-02-11 17:26:33.551,,,UTC+0100,VhFspb+oN4,30.0,,com.sec.android.app.shealth,72d9f9bf-aa0a-444d-8293-13c5d224fd44,
2026-02-11 18:57:44.795,30.0,,2026-02-11 18:57:44.811,2026-02-11 18:57:44.811,,,UTC+0100,VhFspb+oN4,30.0,,com.sec.android.app.shealth,a9ffe69f-4f87-43ba-954a-8c48c86d6b47,
2026-02-11 18:57:46.293,30.0,,2026-02-11 18:57:46.298,2026-02-11 18:57:46.298,,,UTC+0100,VhFspb+oN4,30.0,,com.sec.android.app.shealth,2fba0c15-55a8-45ec-bbdb-0eed34007b41,
2026-02-11 18:57:48.021,30.0,,2026-02-11 18:57:48.022,2026-02-11 18:57:48.022,,,UTC+0100,VhFspb+oN4,30.0,,com.sec.android.app.shealth,fe2af3d3-2016-4ab7-b1ec-3bbd397b78f3,
2026-02-11 18:57:50.407,30.0,,2026-02-11 18:57:50.409,2026-02-11 18:57:50.409,,,UTC+0100,VhFspb+oN4,30.0,,com.sec.android.app.shealth,c735d68f-452a-4a60-9945-0164a5dee642,
2026-02-11 18:57:51.994,30.0,,2026-02-11 18:57:51.996,2026-02-11 18:57:51.996,,,UTC+0100,VhFspb+oN4,30.0,,com.sec.android.app.shealth,65948c19-1a1d-4a26-8718-e74eb372cf9b,
2026-02-11 19:20:42.493,30.0,,2026-02-11 19:20:42.495,2026-02-11 19:20:42.495,,,UTC+0100,VhFspb+oN4,30.0,,com.sec.android.app.shealth,ad27635a-7b59-46bc-8133-91da35f7d1a2,
2026-02-11 19:20:43.840,30.0,,2026-02-11 19:20:43.841,2026-02-11 19:20:43.841,,,UTC+0100,VhFspb+oN4,30.0,,com.sec.android.app.shealth,a613ef29-4ea2-41b0-b368-09235805e738,
2026-02-11 19:20:44.889,30.0,,2026-02-11 19:20:44.970,2026-02-11 19:20:44.970,,,UTC+0100,VhFspb+oN4,30.0,,com.sec.android.app.shealth,6c13c42f-4e89-4888-a472-fe0387778288,
2026-02-11 19:20:46.205,30.0,,2026-02-11 19:20:46.274,2026-02-11 19:20:46.274,,,UTC+0100,VhFspb+oN4,30.0,,com.sec.android.app.shealth,9cac9eac-778e-42f4-9c00-89960021e448,
2026-02-11 19:20:47.580,30.0,,2026-02-11 19:20:47.581,2026-02-11 19:20:47.581,,,UTC+0100,VhFspb+oN4,30.0,,com.sec.android.app.shealth,c56e6ed0-c1a8-4d84-83fa-3202125dd817,
2026-02-11 19:20:48.781,30.0,,2026-02-11 19:20:48.783,2026-02-11 19:20:48.783,,,UTC+0100,VhFspb+oN4,30.0,,com.sec.android.app.shealth,3c982c27-b969-40c6-b5da-bdf861c38151,
2026-02-11 20:53:56.347,30.0,,2026-02-11 20:53:56.354,2026-02-11 20:53:56.354,,,UTC+0100,CdeuO5Zn7i,30.0,,com.sec.android.app.shealth,2b829c8b-8f6b-4c82-96c0-b94eb91e594f,
2026-02-11 20:53:57.361,30.0,,2026-02-11 20:53:57.366,2026-02-11 20:53:57.366,,,UTC+0100,CdeuO5Zn7i,30.0,,com.sec.android.app.shealth,38faa0ca-1ef4-4e17-82eb-f130bd39cc24,
2026-02-11 20:53:58.331,30.0,,2026-02-11 20:53:58.335,2026-02-11 20:53:58.335,,,UTC+0100,CdeuO5Zn7i,30.0,,com.sec.android.app.shealth,da7f7939-41e9-40c4-9df5-02102e80d5ff,
2026-02-11 20:53:59.248,30.0,,2026-02-11 20:53:59.254,2026-02-11 20:53:59.254,,,UTC+0100,CdeuO5Zn7i,30.0,,com.sec.android.app.shealth,5d38e592-e73b-49d3-8d9d-5321ffc277c5,
2026-02-11 20:54:00.135,30.0,,2026-02-11 20:54:00.141,2026-02-11 20:54:00.141,,,UTC+0100,CdeuO5Zn7i,30.0,,com.sec.android.app.shealth,77636fac-c848-45c9-97b5-a0f6dab8ac87,
2026-02-11 20:54:01.194,30.0,,2026-02-11 20:54:01.200,2026-02-11 20:54:01.200,,,UTC+0100,CdeuO5Zn7i,30.0,,com.sec.android.app.shealth,4a883078-418b-473a-b322-cb61b52ae5e2,
2026-02-11 20:54:02.181,30.0,,2026-02-11 20:54:02.191,2026-02-11 20:54:02.191,,,UTC+0100,CdeuO5Zn7i,30.0,,com.sec.android.app.shealth,dbefd2cc-ca7d-42ce-a299-bb93c04b2cbe,
2026-02-11 20:54:03.168,30.0,,2026-02-11 20:54:03.173,2026-02-11 20:54:03.173,,,UTC+0100,CdeuO5Zn7i,30.0,,com.sec.android.app.shealth,16b1b3dd-4099-4548-a235-02ee7e7fe20d,
2026-02-11 21:38:04.995,30.0,,2026-02-11 21:38:05.062,2026-02-11 21:38:05.062,,,UTC+0100,VhFspb+oN4,30.0,,com.sec.android.app.shealth,83069dcb-adef-485c-8c15-2297dbd84532,
2026-02-11 21:38:14.897,30.0,,2026-02-11 21:38:14.907,2026-02-11 21:38:14.907,,,UTC+0100,VhFspb+oN4,30.0,,com.sec.android.app.shealth,37e9c4a3-4a07-4782-84db-14fd26534262,
2026-02-11 21:38:15.891,30.0,,2026-02-11 21:38:15.907,2026-02-11 21:38:15.907,,,UTC+0100,VhFspb+oN4,30.0,,com.sec.android.app.shealth,6aace83f-53fe-4e72-9319-09daa21bfcbb,
2026-02-11 21:38:16.920,30.0,,2026-02-11 21:38:16.922,2026-02-11 21:38:16.922,,,UTC+0100,VhFspb+oN4,30.0,,com.sec.android.app.shealth,9d055c92-a02f-4e0d-9d3f-54f62db18ac9,
2026-02-11 21:47:06.439,30.0,,2026-02-11 21:47:06.457,2026-02-11 21:47:06.457,,,UTC+0100,VhFspb+oN4,30.0,,com.sec.android.app.shealth,46549567-3a24-40c6-ba74-c833c52b7ed9,
2026-02-11 21:47:07.611,30.0,,2026-02-11 21:47:07.645,2026-02-11 21:47:07.645,,,UTC+0100,VhFspb+oN4,30.0,,com.sec.android.app.shealth,d151e86e-ad84-469d-ae61-9b182adf47c1,
2026-02-11 21:47:08.746,30.0,,2026-02-11 21:47:08.747,2026-02-11 21:47:08.747,,,UTC+0100,VhFspb+oN4,30.0,,com.sec.android.app.shealth,e1bd0154-7f73-4b41-be75-ff108da37664,
2026-02-11 21:47:10.428,30.0,,2026-02-11 21:47:10.429,2026-02-11 21:47:10.429,,,UTC+0100,VhFspb+oN4,30.0,,com.sec.android.app.shealth,3bfbc8fc-9316-4a4c-99bc-b29c1b8fbf72,
2026-02-11 21:47:12.096,30.0,,2026-02-11 21:47:12.109,2026-02-11 21:47:12.109,,,UTC+0100,VhFspb+oN4,30.0,,com.sec.android.app.shealth,23e39396-b837-45ed-8388-bcb9ff98abff,
2026-02-11 21:47:13.595,30.0,,2026-02-11 21:47:13.596,2026-02-11 21:47:13.596,,,UTC+0100,VhFspb+oN4,30.0,,com.sec.android.app.shealth,a0b8609e-b40d-41a7-ae94-175819067d20,
2026-02-11 22:23:59.200,30.0,,2026-02-11 22:23:59.234,2026-02-11 22:23:59.234,,,UTC+0100,CdeuO5Zn7i,30.0,,com.sec.android.app.shealth,3417fc42-e86f-4a32-83bd-be356f956e4b,
2026-02-11 22:23:59.947,30.0,,2026-02-11 22:23:59.958,2026-02-11 22:23:59.958,,,UTC+0100,CdeuO5Zn7i,30.0,,com.sec.android.app.shealth,af9a1352-3548-4fc4-8e44-86226247fb79,
2026-02-11 22:24:00.719,30.0,,2026-02-11 22:24:00.723,2026-02-11 22:24:00.723,,,UTC+0100,CdeuO5Zn7i,30.0,,com.sec.android.app.shealth,4e1d31c9-38b0-45b6-bd79-628c281d5702,
2026-02-11 22:24:09.029,30.0,,2026-02-11 22:24:09.038,2026-02-11 22:24:09.038,,,UTC+0100,CdeuO5Zn7i,30.0,,com.sec.android.app.shealth,5eb89003-8e0a-46c1-a83b-c66248d068c8,
2026-02-11 22:24:09.920,30.0,,2026-02-11 22:24:09.923,2026-02-11 22:24:09.923,,,UTC+0100,CdeuO5Zn7i,30.0,,com.sec.android.app.shealth,7467a165-ee9d-4187-98f9-05c61ed2e29c,
2026-02-11 22:24:11.539,30.0,,2026-02-11 22:24:11.545,2026-02-11 22:24:11.545,,,UTC+0100,CdeuO5Zn7i,30.0,,com.sec.android.app.shealth,28341afe-8d85-4a86-8fe3-95244b0f72dc,
2026-02-11 22:43:07.471,30.0,,2026-02-11 22:43:07.472,2026-02-11 22:43:07.472,,,UTC+0100,VhFspb+oN4,30.0,,com.sec.android.app.shealth,6a169002-9c3a-4d6a-8c58-15c6b1f95475,
2026-02-11 22:43:09.022,30.0,,2026-02-11 22:43:09.068,2026-02-11 22:43:09.068,,,UTC+0100,VhFspb+oN4,30.0,,com.sec.android.app.shealth,6aebc602-165c-4951-9505-e9e8e13c84ab,
2026-02-11 22:43:10.035,30.0,,2026-02-11 22:43:10.036,2026-02-11 22:43:10.036,,,UTC+0100,VhFspb+oN4,30.0,,com.sec.android.app.shealth,af55f2a5-6056-4828-ab4e-0b04d68871df,
2026-02-11 22:43:11.777,30.0,,2026-02-11 22:43:11.778,2026-02-11 22:43:11.778,,,UTC+0100,VhFspb+oN4,30.0,,com.sec.android.app.shealth,1652bee3-2573-4989-b37e-7ea486b695e8,
2026-02-11 22:43:13.289,30.0,,2026-02-11 22:43:13.291,2026-02-11 22:43:13.291,,,UTC+0100,VhFspb+oN4,30.0,,com.sec.android.app.shealth,7ef63ca5-29f0-4aa4-8582-d85b50794a3f,
2026-02-11 22:43:14.968,30.0,,2026-02-11 22:43:14.970,2026-02-11 22:43:14.970,,,UTC+0100,VhFspb+oN4,30.0,,com.sec.android.app.shealth,2e4dcd92-e34d-4c4d-aacc-6f06833f88e9,
2026-02-11 22:43:16.765,30.0,,2026-02-11 22:43:16.767,2026-02-11 22:43:16.767,,,UTC+0100,VhFspb+oN4,30.0,,com.sec.android.app.shealth,ca0b973c-e519-44bc-a01a-5bef96e7f953,
2026-02-11 22:43:17.959,30.0,,2026-02-11 22:43:17.965,2026-02-11 22:43:17.965,,,UTC+0100,VhFspb+oN4,30.0,,com.sec.android.app.shealth,afac8390-abc3-4bbc-a8a7-74f926c65c38,
2026-02-11 22:43:19.576,30.0,,2026-02-11 22:43:19.577,2026-02-11 22:43:19.577,,,UTC+0100,VhFspb+oN4,30.0,,com.sec.android.app.shealth,d505b86c-3558-4497-b899-14a9740fc9f7,
2026-02-11 22:43:21.370,30.0,,2026-02-11 22:43:21.408,2026-02-11 22:43:21.408,,,UTC+0100,VhFspb+oN4,30.0,,com.sec.android.app.shealth,933caa90-3ca3-48aa-a828-7317849ef17d,
2026-02-11 00:27:48.137,30.0,,2026-02-12 00:27:48.143,2026-02-12 00:27:48.143,,,UTC+0100,CdeuO5Zn7i,30.0,,com.sec.android.app.shealth,7450be60-fb68-46c0-add6-27f7f9120059,
2026-02-11 00:27:48.864,30.0,,2026-02-12 00:27:48.867,2026-02-12 00:27:48.867,,,UTC+0100,CdeuO5Zn7i,30.0,,com.sec.android.app.shealth,6f60dbac-21b4-43e0-a770-293d061560c9,
2026-02-11 00:27:49.632,30.0,,2026-02-12 00:27:49.635,2026-02-12 00:27:49.635,,,UTC+0100,CdeuO5Zn7i,30.0,,com.sec.android.app.shealth,377ade9e-30d8-4092-a4e6-1732ee6ac2ad,
2026-02-11 00:27:50.370,30.0,,2026-02-12 00:27:50.372,2026-02-12 00:27:50.372,,,UTC+0100,CdeuO5Zn7i,30.0,,com.sec.android.app.shealth,9886f340-ab8b-4821-acb8-675ece837896,
2026-02-11 00:27:51.128,30.0,,2026-02-12 00:27:51.133,2026-02-12 00:27:51.133,,,UTC+0100,CdeuO5Zn7i,30.0,,com.sec.android.app.shealth,5f6d0522-4eea-44ed-a77c-01a7d76fc562,
2026-02-11 00:27:51.922,30.0,,2026-02-12 00:27:51.925,2026-02-12 00:27:51.925,,,UTC+0100,CdeuO5Zn7i,30.0,,com.sec.android.app.shealth,d7d6c76e-d292-4929-a305-d015fb11ca1d,
2026-02-11 00:27:52.747,30.0,,2026-02-12 00:27:52.750,2026-02-12 00:27:52.750,,,UTC+0100,CdeuO5Zn7i,30.0,,com.sec.android.app.shealth,8200e7f8-1283-4250-88b3-16074447c5ce,
2026-02-11 00:28:09.158,30.0,,2026-02-12 00:28:09.160,2026-02-12 00:28:09.160,,,UTC+0100,CdeuO5Zn7i,30.0,,com.sec.android.app.shealth,42552dae-22e4-4f2a-a697-c6e6dca4b2d1,
2026-02-11 00:28:08.262,30.0,,2026-02-12 00:28:08.264,2026-02-12 00:28:08.264,,,UTC+0100,CdeuO5Zn7i,30.0,,com.sec.android.app.shealth,6277314e-28c6-4eff-86ae-2e201dbcbad3,
2026-02-11 00:28:10.193,30.0,,2026-02-12 00:28:10.197,2026-02-12 00:28:10.197,,,UTC+0100,CdeuO5Zn7i,30.0,,com.sec.android.app.shealth,220b9f38-3738-44f8-bd40-5e36c036a789,
2026-02-11 00:28:11.255,30.0,,2026-02-12 00:28:11.259,2026-02-12 00:28:11.259,,,UTC+0100,CdeuO5Zn7i,30.0,,com.sec.android.app.shealth,4512503d-2cf8-4939-a81b-ec90f22e31e6,
2026-02-12 15:12:30.007,30.0,,2026-02-12 15:12:30.009,2026-02-12 15:12:30.009,,,UTC+0100,VhFspb+oN4,30.0,,com.sec.android.app.shealth,01003161-e400-484f-a6a7-464d1fe98ea9,
2026-02-12 15:12:31.789,30.0,,2026-02-12 15:12:31.791,2026-02-12 15:12:31.791,,,UTC+0100,VhFspb+oN4,30.0,,com.sec.android.app.shealth,8b363870-4959-4f1f-9d6e-8806d286e6f1,
2026-02-12 15:12:33.537,30.0,,2026-02-12 15:12:33.543,2026-02-12 15:12:33.543,,,UTC+0100,VhFspb+oN4,30.0,,com.sec.android.app.shealth,7bb447e5-3742-4cd1-ad59-4ff53bb8458f,
2026-02-12 15:12:35.304,30.0,,2026-02-12 15:12:35.305,2026-02-12 15:12:35.305,,,UTC+0100,VhFspb+oN4,30.0,,com.sec.android.app.shealth,1890e76c-b2c0-4253-b32c-da3db967de0f,
2026-02-12 15:12:37.108,30.0,,2026-02-12 15:12:37.110,2026-02-12 15:12:37.110,,,UTC+0100,VhFspb+oN4,30.0,,com.sec.android.app.shealth,14227fd1-aae6-43c4-80cd-b12587c23803,
2026-02-12 15:12:38.841,30.0,,2026-02-12 15:12:38.876,2026-02-12 15:12:38.876,,,UTC+0100,VhFspb+oN4,30.0,,com.sec.android.app.shealth,4862c494-efc6-4be2-a601-5e0cd1f8f785,
2026-02-12 15:12:40.096,30.0,,2026-02-12 15:12:40.103,2026-02-12 15:12:40.103,,,UTC+0100,VhFspb+oN4,30.0,,com.sec.android.app.shealth,0991fea7-6cc5-41c8-b05a-bd1e57bb43c6,
2026-02-12 15:12:41.757,30.0,,2026-02-12 15:12:41.766,2026-02-12 15:12:41.766,,,UTC+0100,VhFspb+oN4,30.0,,com.sec.android.app.shealth,ffb7770e-cc1b-4003-adb2-a3436de94a82,
2026-02-12 16:55:28.386,30.0,,2026-02-12 16:55:28.398,2026-02-12 16:55:28.398,,,UTC+0100,CdeuO5Zn7i,30.0,,com.sec.android.app.shealth,2d9230b8-7d52-4d0b-8ee9-ca039f02a14d,
2026-02-12 16:55:29.271,30.0,,2026-02-12 16:55:29.275,2026-02-12 16:55:29.275,,,UTC+0100,CdeuO5Zn7i,30.0,,com.sec.android.app.shealth,95f2420f-ad3e-41cb-b78b-0daaecfe0d99,
2026-02-12 16:55:30.212,30.0,,2026-02-12 16:55:30.216,2026-02-12 16:55:30.216,,,UTC+0100,CdeuO5Zn7i,30.0,,com.sec.android.app.shealth,81077131-e411-4753-9c40-d9ab8c4a5331,
2026-02-12 16:55:31.073,30.0,,2026-02-12 16:55:31.077,2026-02-12 16:55:31.077,,,UTC+0100,CdeuO5Zn7i,30.0,,com.sec.android.app.shealth,45c7c93d-d1a4-48a6-9a30-e9572e94c0fa,
2026-02-12 16:55:31.778,30.0,,2026-02-12 16:55:31.784,2026-02-12 16:55:31.784,,,UTC+0100,CdeuO5Zn7i,30.0,,com.sec.android.app.shealth,a2920c29-0a6a-400b-b8fe-239f0535b54f,
2026-02-12 17:57:15.971,30.0,,2026-02-12 17:57:15.986,2026-02-12 17:57:15.986,,,UTC+0100,CdeuO5Zn7i,30.0,,com.sec.android.app.shealth,c43c6eb4-701a-4b7b-9258-e59f59ef37ba,
2026-02-12 17:57:16.705,30.0,,2026-02-12 17:57:16.710,2026-02-12 17:57:16.710,,,UTC+0100,CdeuO5Zn7i,30.0,,com.sec.android.app.shealth,b5118728-2eb6-48aa-916c-7fda77f5388f,
2026-02-12 17:57:17.541,30.0,,2026-02-12 17:57:17.546,2026-02-12 17:57:17.546,,,UTC+0100,CdeuO5Zn7i,30.0,,com.sec.android.app.shealth,91e15ee7-e147-4cd6-83c0-ade1bfe0cf61,
2026-02-12 17:57:18.323,30.0,,2026-02-12 17:57:18.325,2026-02-12 17:57:18.325,,,UTC+0100,CdeuO5Zn7i,30.0,,com.sec.android.app.shealth,a3c5662a-3df7-41a2-aca8-e0bc11190d1a,
2026-02-12 17:57:19.171,30.0,,2026-02-12 17:57:19.174,2026-02-12 17:57:19.174,,,UTC+0100,CdeuO5Zn7i,30.0,,com.sec.android.app.shealth,de35139e-79e5-4b10-89f2-a93da76be91f,
2026-02-12 17:57:19.885,30.0,,2026-02-12 17:57:19.889,2026-02-12 17:57:19.889,,,UTC+0100,CdeuO5Zn7i,30.0,,com.sec.android.app.shealth,cf1ca3d3-c222-4b98-93cc-bff900e2b7ae,
2026-02-12 19:00:42.861,30.0,,2026-02-12 19:00:42.929,2026-02-12 19:00:42.929,,,UTC+0100,CdeuO5Zn7i,30.0,,com.sec.android.app.shealth,cdf8e7bc-5a26-49a3-a8b4-09f6633e3dc4,
2026-02-12 19:00:43.713,30.0,,2026-02-12 19:00:43.718,2026-02-12 19:00:43.718,,,UTC+0100,CdeuO5Zn7i,30.0,,com.sec.android.app.shealth,7b8095d6-9007-46a5-a603-7f6e00ae4930,
2026-02-12 19:00:44.654,30.0,,2026-02-12 19:00:44.658,2026-02-12 19:00:44.658,,,UTC+0100,CdeuO5Zn7i,30.0,,com.sec.android.app.shealth,983f1ca4-9d97-44da-b21f-9aec0c1a0ec4,
2026-02-12 19:00:45.673,30.0,,2026-02-12 19:00:45.678,2026-02-12 19:00:45.678,,,UTC+0100,CdeuO5Zn7i,30.0,,com.sec.android.app.shealth,ebe2ef05-e35c-4b08-8774-d54dcee5ef90,
2026-02-12 19:00:46.561,30.0,,2026-02-12 19:00:46.564,2026-02-12 19:00:46.564,,,UTC+0100,CdeuO5Zn7i,30.0,,com.sec.android.app.shealth,f4b59dd6-ce09-476f-adb5-555851137fb9,
2026-02-12 19:00:47.937,30.0,,2026-02-12 19:00:47.943,2026-02-12 19:00:47.943,,,UTC+0100,CdeuO5Zn7i,30.0,,com.sec.android.app.shealth,13406bab-d6a8-48bf-96ce-3f5350b8f949,
2026-02-12 19:06:04.761,30.0,,2026-02-12 19:06:04.765,2026-02-12 19:06:04.765,,,UTC+0100,CdeuO5Zn7i,30.0,,com.sec.android.app.shealth,e77942fb-0b29-4d17-ae6a-8cca38150896,
2026-02-12 19:06:03.967,30.0,,2026-02-12 19:06:03.971,2026-02-12 19:06:03.971,,,UTC+0100,CdeuO5Zn7i,30.0,,com.sec.android.app.shealth,6bca68d7-91db-4287-b7d1-8abbdef3a008,
2026-02-12 19:06:05.438,30.0,,2026-02-12 19:06:05.443,2026-02-12 19:06:05.443,,,UTC+0100,CdeuO5Zn7i,30.0,,com.sec.android.app.shealth,f0877c10-038c-4716-ad8a-870e2312faa7,
2026-02-12 19:06:06.223,30.0,,2026-02-12 19:06:06.227,2026-02-12 19:06:06.227,,,UTC+0100,CdeuO5Zn7i,30.0,,com.sec.android.app.shealth,4aae72ca-ce1d-437a-82da-4ceef3405244,
2026-02-12 19:06:07.137,30.0,,2026-02-12 19:06:07.142,2026-02-12 19:06:07.142,,,UTC+0100,CdeuO5Zn7i,30.0,,com.sec.android.app.shealth,aa25a27a-b5c6-4e22-befb-665be7868a2a,
2026-02-12 19:06:07.943,30.0,,2026-02-12 19:06:07.945,2026-02-12 19:06:07.945,,,UTC+0100,CdeuO5Zn7i,30.0,,com.sec.android.app.shealth,275deb3f-9a4b-4809-8ea4-100491340ddf,
2026-02-12 19:06:08.700,30.0,,2026-02-12 19:06:08.702,2026-02-12 19:06:08.702,,,UTC+0100,CdeuO5Zn7i,30.0,,com.sec.android.app.shealth,dee27594-9eb5-4aad-bf5c-d7a8e851aa19,
2026-02-12 19:06:09.386,30.0,,2026-02-12 19:06:09.390,2026-02-12 19:06:09.390,,,UTC+0100,CdeuO5Zn7i,30.0,,com.sec.android.app.shealth,e8fdb46c-a39d-46d9-93b4-d717ada22e76,
2026-02-12 20:11:46.084,30.0,,2026-02-12 20:11:46.109,2026-02-12 20:11:46.109,,,UTC+0100,CdeuO5Zn7i,30.0,,com.sec.android.app.shealth,e3c95b71-a4bc-4484-b964-d848356392f8,
2026-02-12 20:11:46.979,30.0,,2026-02-12 20:11:46.984,2026-02-12 20:11:46.984,,,UTC+0100,CdeuO5Zn7i,30.0,,com.sec.android.app.shealth,2a2a8fc9-7e81-4167-8fc6-9d420a084ca4,
2026-02-12 20:11:47.714,30.0,,2026-02-12 20:11:47.720,2026-02-12 20:11:47.720,,,UTC+0100,CdeuO5Zn7i,30.0,,com.sec.android.app.shealth,d77a1d7c-8d02-4f47-894c-9dfb4ef64668,
2026-02-12 20:11:48.543,30.0,,2026-02-12 20:11:48.545,2026-02-12 20:11:48.545,,,UTC+0100,CdeuO5Zn7i,30.0,,com.sec.android.app.shealth,7b0f2a38-df02-4c5c-b64f-29a0c3322fb6,
2026-02-12 20:11:49.377,30.0,,2026-02-12 20:11:49.380,2026-02-12 20:11:49.380,,,UTC+0100,CdeuO5Zn7i,30.0,,com.sec.android.app.shealth,e6a36332-047e-416f-9759-89ea491df3b5,
2026-02-12 20:11:50.252,30.0,,2026-02-12 20:11:50.256,2026-02-12 20:11:50.256,,,UTC+0100,CdeuO5Zn7i,30.0,,com.sec.android.app.shealth,bb6dcb45-a243-4e23-ac5a-17245bab615c,
2026-02-12 21:24:55.241,30.0,,2026-02-12 21:24:55.244,2026-02-12 21:24:55.244,,,UTC+0100,VhFspb+oN4,30.0,,com.sec.android.app.shealth,168fb9fb-6c4e-4a25-a55b-7c21ea9aca1e,
2026-02-12 21:24:56.371,30.0,,2026-02-12 21:24:56.376,2026-02-12 21:24:56.376,,,UTC+0100,VhFspb+oN4,30.0,,com.sec.android.app.shealth,021d4744-02ad-42e6-b12e-5229eb9fe5a8,
2026-02-12 21:24:58.281,30.0,,2026-02-12 21:24:58.287,2026-02-12 21:24:58.287,,,UTC+0100,VhFspb+oN4,30.0,,com.sec.android.app.shealth,90395386-0439-4e67-b5e8-cd07cf3b4968,
2026-02-12 21:24:59.859,30.0,,2026-02-12 21:24:59.913,2026-02-12 21:24:59.913,,,UTC+0100,VhFspb+oN4,30.0,,com.sec.android.app.shealth,e2e79e9a-836b-48a8-bec2-8ec4631aad51,
2026-02-12 22:57:54.754,30.0,,2026-02-12 22:57:54.755,2026-02-12 22:57:54.755,,,UTC+0100,VhFspb+oN4,30.0,,com.sec.android.app.shealth,561bddfa-f379-493e-9f86-314204c4a550,
2026-02-12 22:57:55.768,30.0,,2026-02-12 22:57:55.769,2026-02-12 22:57:55.769,,,UTC+0100,VhFspb+oN4,30.0,,com.sec.android.app.shealth,207e293e-cb1b-4caf-a5c6-43f82e080da7,
2026-02-12 22:57:57.047,30.0,,2026-02-12 22:57:57.051,2026-02-12 22:57:57.051,,,UTC+0100,VhFspb+oN4,30.0,,com.sec.android.app.shealth,3307d73c-0bb1-462f-9a1b-23ee82629096,
2026-02-12 22:57:58.448,30.0,,2026-02-12 22:57:58.479,2026-02-12 22:57:58.479,,,UTC+0100,VhFspb+oN4,30.0,,com.sec.android.app.shealth,1c66bf48-726d-4e0e-a7df-27ce3f4ac6d5,
2026-02-12 22:57:59.283,30.0,,2026-02-12 22:57:59.292,2026-02-12 22:57:59.292,,,UTC+0100,VhFspb+oN4,30.0,,com.sec.android.app.shealth,dec9c018-3454-4be7-a789-1284205ee567,
2026-02-12 22:58:00.779,30.0,,2026-02-12 22:58:00.824,2026-02-12 22:58:00.824,,,UTC+0100,VhFspb+oN4,30.0,,com.sec.android.app.shealth,8960ceec-4db5-4128-a34f-296e909ede7f,
2026-02-12 22:58:02.293,30.0,,2026-02-12 22:58:02.295,2026-02-12 22:58:02.295,,,UTC+0100,VhFspb+oN4,30.0,,com.sec.android.app.shealth,6c3a070c-90a3-4534-8483-eab73a01f564,
2026-02-12 22:58:03.484,30.0,,2026-02-12 22:58:03.512,2026-02-12 22:58:03.512,,,UTC+0100,VhFspb+oN4,30.0,,com.sec.android.app.shealth,2e2148c7-b447-4386-ba36-eaf9de16b896,
2026-02-11 23:03:06.566,30.0,,2026-02-12 23:03:06.574,2026-02-12 23:03:06.574,,,UTC+0100,CdeuO5Zn7i,30.0,,com.sec.android.app.shealth,f7d70f38-82e2-41de-b351-5d21c6b5fbc8,
2026-02-11 23:03:07.464,30.0,,2026-02-12 23:03:07.472,2026-02-12 23:03:07.472,,,UTC+0100,CdeuO5Zn7i,30.0,,com.sec.android.app.shealth,2a1cdda5-39eb-4b17-b2c3-8160bcc2aca9,
2026-02-11 23:03:08.227,30.0,,2026-02-12 23:03:08.231,2026-02-12 23:03:08.231,,,UTC+0100,CdeuO5Zn7i,30.0,,com.sec.android.app.shealth,426493fd-7141-4916-b250-e76f8c14f480,
2026-02-11 23:03:09.015,30.0,,2026-02-12 23:03:09.022,2026-02-12 23:03:09.022,,,UTC+0100,CdeuO5Zn7i,30.0,,com.sec.android.app.shealth,9b64f610-a0bb-4375-83d1-43363ec45c8d,
2026-02-11 23:03:09.828,30.0,,2026-02-12 23:03:09.831,2026-02-12 23:03:09.831,,,UTC+0100,CdeuO5Zn7i,30.0,,com.sec.android.app.shealth,a4bce07e-aaa3-4f08-8727-afd11e97c5c5,
2026-02-11 23:03:10.568,30.0,,2026-02-12 23:03:10.573,2026-02-12 23:03:10.573,,,UTC+0100,CdeuO5Zn7i,30.0,,com.sec.android.app.shealth,95673408-da2b-4866-8d8d-5ab8a1d655cf,
2026-02-11 23:03:11.319,30.0,,2026-02-12 23:03:11.323,2026-02-12 23:03:11.323,,,UTC+0100,CdeuO5Zn7i,30.0,,com.sec.android.app.shealth,7f316065-a5f0-4910-8b83-b6765a704946,
2026-02-11 23:03:12.107,30.0,,2026-02-12 23:03:12.112,2026-02-12 23:03:12.112,,,UTC+0100,CdeuO5Zn7i,30.0,,com.sec.android.app.shealth,e042252a-5a5b-4832-830a-13b0aa81fb02,
2026-02-11 23:15:19.713,30.0,,2026-02-12 23:15:19.729,2026-02-12 23:15:19.729,,,UTC+0100,CdeuO5Zn7i,30.0,,com.sec.android.app.shealth,f422b9fd-0c05-4e8f-8c21-f28ba67a9e70,
2026-02-11 23:15:20.423,30.0,,2026-02-12 23:15:20.426,2026-02-12 23:15:20.426,,,UTC+0100,CdeuO5Zn7i,30.0,,com.sec.android.app.shealth,965f730a-5181-40a4-8c35-ef8a7b83bea3,
2026-02-11 23:15:21.198,30.0,,2026-02-12 23:15:21.201,2026-02-12 23:15:21.201,,,UTC+0100,CdeuO5Zn7i,30.0,,com.sec.android.app.shealth,e726dab2-828e-4be3-a1c1-40be5cb91abd,
2026-02-11 23:15:21.986,30.0,,2026-02-12 23:15:21.989,2026-02-12 23:15:21.989,,,UTC+0100,CdeuO5Zn7i,30.0,,com.sec.android.app.shealth,82b80b18-6a1d-45d6-a74a-55c095d9dda4,
2026-02-11 23:15:22.880,30.0,,2026-02-12 23:15:22.887,2026-02-12 23:15:22.887,,,UTC+0100,CdeuO5Zn7i,30.0,,com.sec.android.app.shealth,52cd6576-e63b-4da9-832d-0352f23cddf5,
2026-02-11 23:15:23.561,30.0,,2026-02-12 23:15:23.564,2026-02-12 23:15:23.564,,,UTC+0100,CdeuO5Zn7i,30.0,,com.sec.android.app.shealth,c454283f-1e0d-4da5-8d1c-8626e80ab5f1,
2026-02-11 23:15:24.426,30.0,,2026-02-12 23:15:24.428,2026-02-12 23:15:24.428,,,UTC+0100,CdeuO5Zn7i,30.0,,com.sec.android.app.shealth,91344921-137a-413d-b4a7-0aed44c80205,
2026-02-11 23:15:25.789,30.0,,2026-02-12 23:15:25.794,2026-02-12 23:15:25.794,,,UTC+0100,CdeuO5Zn7i,30.0,,com.sec.android.app.shealth,e02a9393-f28f-4a7d-96a6-70f46be83504,
2026-02-13 18:25:05.521,30.0,,2026-02-13 18:25:05.523,2026-02-13 18:25:05.523,,,UTC+0100,VhFspb+oN4,30.0,,com.sec.android.app.shealth,6e6e11f6-839e-468a-965a-8ab8d0ee7892,
2026-02-13 18:25:06.712,30.0,,2026-02-13 18:25:06.713,2026-02-13 18:25:06.713,,,UTC+0100,VhFspb+oN4,30.0,,com.sec.android.app.shealth,901b72e7-e7bf-48d6-8b8a-2f8c5608fe79,
2026-02-13 18:25:07.882,30.0,,2026-02-13 18:25:07.893,2026-02-13 18:25:07.893,,,UTC+0100,VhFspb+oN4,30.0,,com.sec.android.app.shealth,334b6c86-e646-41d4-a210-8e569eeae3f7,
2026-02-13 18:25:09.222,30.0,,2026-02-13 18:25:09.224,2026-02-13 18:25:09.224,,,UTC+0100,VhFspb+oN4,30.0,,com.sec.android.app.shealth,251449d3-6546-4b7c-a147-fdf3b6c37c2f,
2026-02-13 18:25:10.479,30.0,,2026-02-13 18:25:10.481,2026-02-13 18:25:10.481,,,UTC+0100,VhFspb+oN4,30.0,,com.sec.android.app.shealth,befd4afc-93aa-4cdd-95de-7109c4e21ff5,
2026-02-13 18:25:11.641,30.0,,2026-02-13 18:25:11.646,2026-02-13 18:25:11.646,,,UTC+0100,VhFspb+oN4,30.0,,com.sec.android.app.shealth,b3c8e3c3-6b87-43f5-aeb4-baee7f10439c,
2026-02-13 18:25:12.946,30.0,,2026-02-13 18:25:12.950,2026-02-13 18:25:12.950,,,UTC+0100,VhFspb+oN4,30.0,,com.sec.android.app.shealth,67828a52-9582-4bab-a5b8-d5cd6601764d,
2026-02-13 18:25:13.967,30.0,,2026-02-13 18:25:13.969,2026-02-13 18:25:13.969,,,UTC+0100,VhFspb+oN4,30.0,,com.sec.android.app.shealth,c9966157-a1c1-4c8f-acb3-2ea5849995d4,
2026-02-13 19:56:28.914,30.0,,2026-02-13 19:56:28.920,2026-02-13 19:56:28.920,,,UTC+0100,CdeuO5Zn7i,30.0,,com.sec.android.app.shealth,22139e7e-3923-4424-9773-b1c7e4544a17,
2026-02-13 19:56:30.574,30.0,,2026-02-13 19:56:30.579,2026-02-13 19:56:30.579,,,UTC+0100,CdeuO5Zn7i,30.0,,com.sec.android.app.shealth,d76f8415-9a25-4f29-81c3-8b4d05c7b4f2,
2026-02-13 19:56:31.282,30.0,,2026-02-13 19:56:31.285,2026-02-13 19:56:31.285,,,UTC+0100,CdeuO5Zn7i,30.0,,com.sec.android.app.shealth,a64c8c63-c58f-48cf-80c6-7721c959fd76,
2026-02-13 21:32:23.313,30.0,,2026-02-13 21:32:23.322,2026-02-13 21:32:23.322,,,UTC+0100,CdeuO5Zn7i,30.0,,com.sec.android.app.shealth,0c7155de-b08c-4847-a9e1-2a94d74a8e4f,
2026-02-13 21:32:26.412,30.0,,2026-02-13 21:32:26.417,2026-02-13 21:32:26.417,,,UTC+0100,CdeuO5Zn7i,30.0,,com.sec.android.app.shealth,1d7c4e31-fd09-4bb3-8d7d-79a754e45a72,
2026-02-13 21:32:27.713,30.0,,2026-02-13 21:32:27.716,2026-02-13 21:32:27.716,,,UTC+0100,CdeuO5Zn7i,30.0,,com.sec.android.app.shealth,6cab89e5-be14-421e-91e6-8931147579ed,
2026-02-13 21:32:37.840,30.0,,2026-02-13 21:32:37.844,2026-02-13 21:32:37.844,,,UTC+0100,CdeuO5Zn7i,30.0,,com.sec.android.app.shealth,8d235f75-d110-4e2e-ae7e-f0fa01289857,
2026-02-13 21:32:38.673,30.0,,2026-02-13 21:32:38.675,2026-02-13 21:32:38.675,,,UTC+0100,CdeuO5Zn7i,30.0,,com.sec.android.app.shealth,986cf7b0-5ea5-47f6-bc8e-6bc765e37dca,
2026-02-13 21:33:20.367,30.0,,2026-02-13 21:33:20.375,2026-02-13 21:33:20.375,,,UTC+0100,CdeuO5Zn7i,30.0,,com.sec.android.app.shealth,10685830-d9c5-4097-a19b-0547e5d0b8ab,
2026-02-13 21:33:21.319,30.0,,2026-02-13 21:33:21.324,2026-02-13 21:33:21.324,,,UTC+0100,CdeuO5Zn7i,30.0,,com.sec.android.app.shealth,25e5a52c-9f5b-4889-a27f-bcdc159b3d17,
2026-02-13 21:33:22.431,30.0,,2026-02-13 21:33:22.437,2026-02-13 21:33:22.437,,,UTC+0100,CdeuO5Zn7i,30.0,,com.sec.android.app.shealth,020e0af5-e64a-4694-b5c1-96a02d1046a8,
2026-02-13 21:33:23.302,30.0,,2026-02-13 21:33:23.304,2026-02-13 21:33:23.304,,,UTC+0100,CdeuO5Zn7i,30.0,,com.sec.android.app.shealth,287757bd-ac6a-4a4d-9893-e928dc124272,
2026-02-13 21:33:24.253,30.0,,2026-02-13 21:33:24.255,2026-02-13 21:33:24.255,,,UTC+0100,CdeuO5Zn7i,30.0,,com.sec.android.app.shealth,e1b5ebb8-e750-4f4b-a978-613a4019327f,
2026-02-13 21:33:25.283,30.0,,2026-02-13 21:33:25.286,2026-02-13 21:33:25.286,,,UTC+0100,CdeuO5Zn7i,30.0,,com.sec.android.app.shealth,2ff41cbf-ab05-411f-acc5-3f9ae4bb17f2,
2026-02-13 21:33:26.318,30.0,,2026-02-13 21:33:26.321,2026-02-13 21:33:26.321,,,UTC+0100,CdeuO5Zn7i,30.0,,com.sec.android.app.shealth,355482c9-97c9-441f-8e44-4a38477e3110,
2026-02-13 21:33:27.426,30.0,,2026-02-13 21:33:27.428,2026-02-13 21:33:27.428,,,UTC+0100,CdeuO5Zn7i,30.0,,com.sec.android.app.shealth,53192112-b8a6-44d4-b916-bc7b11ed4271,
2026-02-13 21:55:17.867,30.0,,2026-02-13 21:55:17.877,2026-02-13 21:55:17.877,,,UTC+0100,CdeuO5Zn7i,30.0,,com.sec.android.app.shealth,5a554bfc-2c16-48c5-9e17-46da85b970c6,
2026-02-13 21:55:18.769,30.0,,2026-02-13 21:55:18.772,2026-02-13 21:55:18.772,,,UTC+0100,CdeuO5Zn7i,30.0,,com.sec.android.app.shealth,7b0ad1c3-7ecc-4ee5-98cc-f6ecb4ca584e,
2026-02-13 21:55:16.749,30.0,,2026-02-13 21:55:17.075,2026-02-13 21:55:17.075,,,UTC+0100,CdeuO5Zn7i,30.0,,com.sec.android.app.shealth,0da590fd-eb15-4194-8190-a6c8dc293e03,
2026-02-13 21:55:19.727,30.0,,2026-02-13 21:55:19.737,2026-02-13 21:55:19.737,,,UTC+0100,CdeuO5Zn7i,30.0,,com.sec.android.app.shealth,b4b36e4c-f333-48bb-b7dd-e84101c5a571,
2026-02-13 21:55:20.710,30.0,,2026-02-13 21:55:20.714,2026-02-13 21:55:20.714,,,UTC+0100,CdeuO5Zn7i,30.0,,com.sec.android.app.shealth,7c6fecbf-6cfd-4d1a-8535-77c0a16d9cc1,
2026-02-13 21:55:21.575,30.0,,2026-02-13 21:55:21.577,2026-02-13 21:55:21.577,,,UTC+0100,CdeuO5Zn7i,30.0,,com.sec.android.app.shealth,d61970ba-8431-4e4a-8864-4ac063573505,
2026-02-13 21:55:22.456,30.0,,2026-02-13 21:55:22.461,2026-02-13 21:55:22.461,,,UTC+0100,CdeuO5Zn7i,30.0,,com.sec.android.app.shealth,60e664ce-bbb0-474c-ad74-45e54fd6ed08,
2026-02-13 21:55:23.553,30.0,,2026-02-13 21:55:23.558,2026-02-13 21:55:23.558,,,UTC+0100,CdeuO5Zn7i,30.0,,com.sec.android.app.shealth,bb923b35-f84d-4fc9-bc38-6a839644e776,
2026-02-13 21:55:24.954,30.0,,2026-02-13 21:55:24.961,2026-02-13 21:55:24.961,,,UTC+0100,CdeuO5Zn7i,30.0,,com.sec.android.app.shealth,1ad9745a-c05e-453d-95c4-ac476e91822a,
2026-02-12 23:15:09.435,30.0,,2026-02-13 23:15:09.437,2026-02-13 23:15:09.437,,,UTC+0100,CdeuO5Zn7i,30.0,,com.sec.android.app.shealth,0e84ec9d-a7cb-40c9-a319-4e441f488b60,
2026-02-12 23:15:10.337,30.0,,2026-02-13 23:15:10.341,2026-02-13 23:15:10.341,,,UTC+0100,CdeuO5Zn7i,30.0,,com.sec.android.app.shealth,bbc950f5-1553-420e-8b2e-c51c2bb9b333,
2026-02-12 23:15:11.348,30.0,,2026-02-13 23:15:11.351,2026-02-13 23:15:11.351,,,UTC+0100,CdeuO5Zn7i,30.0,,com.sec.android.app.shealth,1ccb544d-ac38-4fd4-b7f9-03b228693eec,
2026-02-12 23:15:12.796,30.0,,2026-02-13 23:15:12.800,2026-02-13 23:15:12.800,,,UTC+0100,CdeuO5Zn7i,30.0,,com.sec.android.app.shealth,749ea8ad-dfdd-4dc3-a55e-c3d27c2ef1c7,
2026-02-12 23:15:13.859,30.0,,2026-02-13 23:15:13.860,2026-02-13 23:15:13.860,,,UTC+0100,CdeuO5Zn7i,30.0,,com.sec.android.app.shealth,0efe5dac-b1ea-4c7b-b781-ccc4fd49e4f8,
2026-02-12 23:15:14.926,30.0,,2026-02-13 23:15:14.933,2026-02-13 23:15:14.933,,,UTC+0100,CdeuO5Zn7i,30.0,,com.sec.android.app.shealth,0ff6d321-5573-4784-b447-6999820aaa07,
2026-02-12 23:15:15.978,30.0,,2026-02-13 23:15:15.982,2026-02-13 23:15:15.982,,,UTC+0100,CdeuO5Zn7i,30.0,,com.sec.android.app.shealth,2ddabf85-312d-4222-aac5-93137cc17bfc,
2026-02-12 23:15:17.055,30.0,,2026-02-13 23:15:17.058,2026-02-13 23:15:17.058,,,UTC+0100,CdeuO5Zn7i,30.0,,com.sec.android.app.shealth,dd2e8070-2c4e-466e-866f-8a47b80a6e17,
