com.samsung.health.skin_temperature,6311013,4
create_sh_ver,stat_m1,stat_m2,baseline,start_time,binning_data,stat_n,tag_id,modify_sh_ver,lower_bound,update_time,create_time,client_data_id,upper_bound,max,min,client_data_ver,temperature,time_offset,deviceuuid,comment,pkg_name,end_time,datauuid
,34.880108,1217.1205,,2025-08-02 01:01:00.000,77eae523-c87e-4dc4-858a-cef0babc82e3.binning_data.json,437,31301,,,2025-08-02 08:35:58.962,2025-08-02 08:35:58.962,,,37.193882,33.862213,,34.880108,UTC+0200,YDRm/TcCOZ,,com.sec.android.app.shealth,2025-08-02 08:35:00.000,77eae523-c87e-4dc4-858a-cef0babc82e3,
,34.857986,1215.1888,34.880108,2025-08-03 07:02:00.000,a52633c1-8aa1-4b11-a8e8-8fa7b9a85b8a.binning_data.json,148,31301,,,2025-08-03 09:46:09.468,2025-08-03 09:46:09.468,,,35.40988,33.97617,,34.857986,UTC+0200,YDRm/TcCOZ,,com.sec.android.app.shealth,2025-08-03 09:46:00.000,a52633c1-8aa1-4b11-a8e8-8fa7b9a85b8a,
,34.066463,1160.8605,34.87451,2025-08-03 09:58:00.000,b441208c-2c1c-4f1e-998f-bfcbbafdaafb.binning_data.json,158,31301,,,2025-08-03 12:50:26.724,2025-08-03 12:50:26.724,,,34.89365,33.186813,,34.066463,UTC+0200,YDRm/TcCOZ,,com.sec.android.app.shealth,2025-08-03 12:50:00.000,b441208c-2c1c-4f1e-998f-bfcbbafdaafb,
,34.002087,1156.5526,34.70268,2025-08-04 01:34:00.000,cea5f2d3-eb20-4fd7-84fc-cbb71dc6ac96.binning_data.json,502,31301,,33.862213,2025-08-04 10:29:26.378,2025-08-04 10:29:26.378,,35.40988,35.848312,32.337353,,34.002087,UTC+0200,YDRm/TcCOZ,,com.sec.android.app.shealth,2025-08-04 10:12:00.000,cea5f2d3-eb20-4fd7-84fc-cbb71dc6ac96,
,34.499023,1190.5449,,2025-08-08 08:10:00.000,c7863792-07eb-4b06-8034-6a7f47d15edd.binning_data.json,91,31301,,,2025-08-08 09:55:42.395,2025-08-08 09:55:42.395,,,35.251686,33.635063,,34.499023,UTC+0200,VhFspb+oN4,,com.sec.android.app.shealth,2025-08-08 09:55:00.000,c7863792-07eb-4b06-8034-6a7f47d15edd,
,34.263134,1174.6577,34.499023,2025-08-08 19:36:00.000,3779277e-26d6-44cf-a693-84eaa095234c.binning_data.json,398,31301,,,2025-08-09 02:59:55.618,2025-08-09 02:59:55.618,,,36.0046,32.504726,,34.263134,UTC+0200,VhFspb+oN4,,com.sec.android.app.shealth,2025-08-09 02:53:00.000,3779277e-26d6-44cf-a693-84eaa095234c,
,34.134933,1165.6188,34.30703,2025-08-10 00:06:00.000,393927b7-b0c1-4f2c-9740-b13ae8e84c1b.binning_data.json,344,31301,,,2025-08-10 06:20:28.781,2025-08-10 06:20:28.781,,,35.68276,32.922535,,34.134933,UTC+0200,VhFspb+oN4,,com.sec.android.app.shealth,2025-08-10 06:10:00.000,393927b7-b0c1-4f2c-9740-b13ae8e84c1b,
,34.055004,1159.9966,34.235962,2025-08-11 02:32:00.000,1e6e9f0d-8d8a-41d2-a7a0-544d892775dd.binning_data.json,302,31301,,32.922535,2025-08-11 07:54:43.209,2025-08-11 07:54:43.209,,35.68276,35.3666,32.91684,,34.055004,UTC+0200,VhFspb+oN4,,com.sec.android.app.shealth,2025-08-11 07:49:00.000,1e6e9f0d-8d8a-41d2-a7a0-544d892775dd,
,34.256847,1174.1161,34.187813,2025-08-12 00:30:00.000,3fbfdbc1-d1a9-4187-93c3-0a6a33a06138.binning_data.json,466,31301,,32.919685,2025-08-12 08:33:44.866,2025-08-12 08:33:44.866,,35.52468,35.815228,32.68591,,34.256847,UTC+0200,VhFspb+oN4,,com.sec.android.app.shealth,2025-08-12 08:33:00.000,3fbfdbc1-d1a9-4187-93c3-0a6a33a06138,
,34.541122,1193.1908,34.207905,2025-08-14 06:59:00.000,50b800b4-2651-4bb7-8e73-22e50040e8dc.binning_data.json,348,31301,,32.841763,2025-08-14 13:06:09.188,2025-08-14 13:06:09.188,,35.621532,35.097668,33.92027,,34.541122,UTC+0200,VhFspb+oN4,,com.sec.android.app.shealth,2025-08-14 13:05:00.000,50b800b4-2651-4bb7-8e73-22e50040e8dc,
,34.61253,1198.6436,34.267403,2025-08-14 21:07:00.000,b5f26d6c-da75-4284-bd5b-6165c6506776.binning_data.json,335,31301,,33.040085,2025-08-15 03:01:36.791,2025-08-15 03:01:36.791,,35.529068,36.46666,33.74624,,34.61253,UTC+0200,VhFspb+oN4,,com.sec.android.app.shealth,2025-08-15 02:58:00.000,b5f26d6c-da75-4284-bd5b-6165c6506776,
,34.203857,1170.25,34.318024,2025-08-15 23:01:00.000,23d27a6d-9225-437b-94f7-ea48b59b5fd2.binning_data.json,405,31301,,33.181316,2025-08-16 06:02:25.413,2025-08-16 06:02:25.413,,35.624176,35.383633,33.200226,,34.203857,UTC+0200,VhFspb+oN4,,com.sec.android.app.shealth,2025-08-16 06:02:00.000,23d27a6d-9225-437b-94f7-ea48b59b5fd2,
,33.97079,1154.2361,34.300827,2025-08-17 04:12:00.000,a8f82cd7-ca7f-4852-9a7d-3116ca09eb91.binning_data.json,214,31301,,33.184467,2025-08-17 08:32:09.737,2025-08-17 08:32:09.737,,35.584087,34.6538,33.107166,,33.97079,UTC+0200,VhFspb+oN4,,com.sec.android.app.shealth,2025-08-17 08:07:00.000,a8f82cd7-ca7f-4852-9a7d-3116ca09eb91,
,34.562885,1195.0468,34.2765,2025-08-17 22:49:00.000,a472ced6-122a-4100-9513-38b7b28de359.binning_data.json,383,31301,,33.173428,2025-08-18 05:34:43.693,2025-08-18 05:34:43.693,,35.514595,35.768517,33.375137,,34.562885,UTC+0200,VhFspb+oN4,,com.sec.android.app.shealth,2025-08-18 05:34:00.000,a472ced6-122a-4100-9513-38b7b28de359,
,34.477425,1189.0361,34.30988,2025-08-18 23:38:00.000,44e1ad78-f062-4e28-b6ce-7bba3777465b.binning_data.json,317,31301,,33.19864,2025-08-19 05:20:00.333,2025-08-19 05:20:00.333,,35.546333,35.74941,33.516117,,34.477425,UTC+0200,VhFspb+oN4,,com.sec.android.app.shealth,2025-08-19 05:11:00.000,44e1ad78-f062-4e28-b6ce-7bba3777465b,
,34.351902,1180.9904,34.32462,2025-08-20 01:58:00.000,076f2e1a-0c10-49e6-874d-417dbc4d7fac.binning_data.json,437,31301,,33.23901,2025-08-20 09:36:20.276,2025-08-20 09:36:20.276,,35.57398,35.80888,32.490425,,34.351902,UTC+0200,VhFspb+oN4,,com.sec.android.app.shealth,2025-08-20 09:31:00.000,076f2e1a-0c10-49e6-874d-417dbc4d7fac,
,34.433044,1185.9423,34.32757,2025-08-21 02:40:00.000,427f6992-213d-4e59-b25c-858c37dff84b.binning_data.json,326,31301,,33.169872,2025-08-21 08:47:18.445,2025-08-21 08:47:18.445,,35.60334,35.7667,33.588585,,34.433044,UTC+0200,VhFspb+oN4,,com.sec.android.app.shealth,2025-08-21 08:20:00.000,427f6992-213d-4e59-b25c-858c37dff84b,
,34.888508,1217.3031,34.335445,2025-08-21 08:48:00.000,2552b84c-ef5b-429a-a83a-290b7b623239.binning_data.json,41,31301,,33.216396,2025-08-21 09:56:04.993,2025-08-21 09:56:04.993,,35.621487,35.31112,34.24224,,34.888508,UTC+0200,VhFspb+oN4,,com.sec.android.app.shealth,2025-08-21 09:55:00.000,2552b84c-ef5b-429a-a83a-290b7b623239,
,34.400997,1183.9818,34.34059,2025-08-22 00:17:00.000,091f1dac-302d-4e5f-a409-1aea6791d327.binning_data.json,414,31301,,33.269382,2025-08-22 07:53:54.459,2025-08-22 07:53:54.459,,35.59045,35.653366,32.576996,,34.400997,UTC+0200,VhFspb+oN4,,com.sec.android.app.shealth,2025-08-22 07:28:00.000,091f1dac-302d-4e5f-a409-1aea6791d327,
,35.233646,1241.9761,34.34578,2025-08-23 06:56:00.000,cd24754f-1019-4efc-ab4a-61236a0520b0.binning_data.json,85,31301,,33.20644,2025-08-23 09:07:32.327,2025-08-23 09:07:32.327,,35.59617,35.999233,33.246998,,35.233646,UTC+0200,VhFspb+oN4,,com.sec.android.app.shealth,2025-08-23 08:37:00.000,cd24754f-1019-4efc-ab4a-61236a0520b0,
,35.642532,1270.6202,34.36116,2025-08-23 10:29:00.000,618807b9-6a60-4ffc-a7da-de67fe6bb22c.binning_data.json,118,31301,,33.20982,2025-08-23 12:52:46.620,2025-08-23 12:52:46.620,,35.629757,36.42063,34.451836,,35.642532,UTC+0200,VhFspb+oN4,,com.sec.android.app.shealth,2025-08-23 12:42:00.000,618807b9-6a60-4ffc-a7da-de67fe6bb22c,
,34.114525,1164.3374,34.39126,2025-08-23 22:44:00.000,10a0a40c-7aa8-4745-af62-53d67005d31a.binning_data.json,488,31301,,33.26447,2025-08-24 07:48:30.604,2025-08-24 07:48:30.604,,35.658592,35.657345,33.02699,,34.114525,UTC+0200,VhFspb+oN4,,com.sec.android.app.shealth,2025-08-24 07:10:00.000,10a0a40c-7aa8-4745-af62-53d67005d31a,
,34.44956,1187.5642,34.366756,2025-08-24 22:11:00.000,59e303f9-bec1-4bf3-a601-6d25d73f75d2.binning_data.json,328,31301,,33.247505,2025-08-25 03:55:24.391,2025-08-25 03:55:24.391,,35.658504,35.970257,32.01459,,34.44956,UTC+0200,VhFspb+oN4,,com.sec.android.app.shealth,2025-08-25 03:55:00.000,59e303f9-bec1-4bf3-a601-6d25d73f75d2,
,34.453564,1187.6187,34.371407,2025-08-26 03:52:00.000,27243421-6131-4856-a226-a30f4ee0f92a.binning_data.json,275,31301,,33.197987,2025-08-26 08:59:59.077,2025-08-26 08:59:59.077,,35.679283,36.022373,33.15523,,34.453564,UTC+0200,VhFspb+oN4,,com.sec.android.app.shealth,2025-08-26 08:49:00.000,27243421-6131-4856-a226-a30f4ee0f92a,
,34.195606,1169.896,34.375103,2025-08-26 22:26:00.000,261b1858-3bce-4ead-8948-8522ff8aecde.binning_data.json,544,31301,,33.195316,2025-08-27 07:55:28.919,2025-08-27 07:55:28.919,,35.70073,35.273087,32.44049,,34.195606,UTC+0200,VhFspb+oN4,,com.sec.android.app.shealth,2025-08-27 07:48:00.000,261b1858-3bce-4ead-8948-8522ff8aecde,
,35.219215,1240.517,34.36044,2025-08-28 00:18:00.000,e5037f3b-e178-4f11-ac6f-6666125f5c16.binning_data.json,402,31301,,33.146984,2025-08-28 07:13:49.342,2025-08-28 07:13:49.342,,35.680714,35.85561,34.215904,,35.219215,UTC+0200,VhFspb+oN4,,com.sec.android.app.shealth,2025-08-28 07:12:00.000,e5037f3b-e178-4f11-ac6f-6666125f5c16,
,34.38676,1182.699,34.409332,2025-08-29 23:26:00.000,992a21da-d157-4927-98f2-4ae6e9eb0f39.binning_data.json,443,31301,,33.195316,2025-08-30 07:05:10.151,2025-08-30 07:05:10.151,,35.691643,35.874325,33.415787,,34.38676,UTC+0200,VhFspb+oN4,,com.sec.android.app.shealth,2025-08-30 07:05:00.000,992a21da-d157-4927-98f2-4ae6e9eb0f39,
,34.42011,1185.288,34.407997,2025-08-30 21:37:00.000,b3cb5913-8a14-4df4-81be-d8bbcae27d06.binning_data.json,471,31301,,33.208282,2025-08-31 06:09:04.433,2025-08-31 06:09:04.433,,35.70239,36.238686,32.646935,,34.42011,UTC+0200,VhFspb+oN4,,com.sec.android.app.shealth,2025-08-31 05:42:00.000,b3cb5913-8a14-4df4-81be-d8bbcae27d06,
,34.777653,1210.0547,34.408714,2025-09-01 02:56:00.000,2e57adc7-0ab5-4d51-a6c4-7f42f7d27735.binning_data.json,302,31301,,33.177097,2025-09-01 08:19:59.702,2025-09-01 08:19:59.702,,35.72017,36.02424,33.206615,,34.777653,UTC+0200,VhFspb+oN4,,com.sec.android.app.shealth,2025-09-01 08:13:00.000,2e57adc7-0ab5-4d51-a6c4-7f42f7d27735,
,34.821144,1212.8375,34.422176,2025-09-03 01:06:00.000,2d242d2d-881f-4b67-b59c-4a5d500e230e.binning_data.json,451,31301,,33.17865,2025-09-03 09:20:01.012,2025-09-03 09:20:01.012,,35.73617,35.88367,33.51885,,34.821144,UTC+0200,VhFspb+oN4,,com.sec.android.app.shealth,2025-09-03 08:53:00.000,2d242d2d-881f-4b67-b59c-4a5d500e230e,
,34.801674,1211.4587,34.44279,2025-09-05 00:04:00.000,de9479fc-da4f-4fa4-a9d4-d3e600e64d2f.binning_data.json,401,31301,,33.19566,2025-09-05 07:31:38.324,2025-09-05 07:31:38.324,,35.74355,35.722824,33.662434,,34.801674,UTC+0200,VhFspb+oN4,,com.sec.android.app.shealth,2025-09-05 07:00:00.000,de9479fc-da4f-4fa4-a9d4-d3e600e64d2f,
,34.55862,1194.77,34.467133,2025-09-05 22:04:00.000,fc57a4ed-a6ee-43a1-a519-04943997fb86.binning_data.json,291,31301,,33.233463,2025-09-06 03:37:12.240,2025-09-06 03:37:12.240,,35.75348,36.16665,33.29968,,34.55862,UTC+0200,VhFspb+oN4,,com.sec.android.app.shealth,2025-09-06 03:09:00.000,fc57a4ed-a6ee-43a1-a519-04943997fb86,
,34.585327,1196.3597,34.47011,2025-09-06 04:23:00.000,8e021015-4862-43db-9c2a-e0bcbdc90a7f.binning_data.json,61,31301,,33.236774,2025-09-06 05:53:33.056,2025-09-06 05:53:33.056,,35.774136,35.09488,33.557514,,34.585327,UTC+0200,VhFspb+oN4,,com.sec.android.app.shealth,2025-09-06 05:41:00.000,8e021015-4862-43db-9c2a-e0bcbdc90a7f,
,34.394005,1183.7172,34.470894,2025-09-06 23:26:00.000,8bd493f7-30c3-4048-961e-5c9d796da570.binning_data.json,352,31301,,33.252045,2025-09-07 05:55:43.499,2025-09-07 05:55:43.499,,35.750275,35.84985,32.284126,,34.394005,UTC+0200,VhFspb+oN4,,com.sec.android.app.shealth,2025-09-07 05:34:00.000,8bd493f7-30c3-4048-961e-5c9d796da570,
,34.03763,1158.8873,34.48073,2025-09-08 00:38:00.000,1c63ec12-9d5c-4290-9bd0-175ea65e8afa.binning_data.json,342,31301,,33.231472,2025-09-08 06:35:18.593,2025-09-08 06:35:18.593,,35.758232,35.103046,32.925,,34.03763,UTC+0200,VhFspb+oN4,,com.sec.android.app.shealth,2025-09-08 06:35:00.000,1c63ec12-9d5c-4290-9bd0-175ea65e8afa,
,34.37989,1182.3109,34.464508,2025-09-08 06:59:00.000,50c59874-d055-40fa-bc8d-e7653646c75d.binning_data.json,81,31301,,33.21754,2025-09-08 08:39:16.846,2025-09-08 08:39:16.846,,35.72845,35.219017,33.476177,,34.37989,UTC+0200,VhFspb+oN4,,com.sec.android.app.shealth,2025-09-08 08:38:00.000,50c59874-d055-40fa-bc8d-e7653646c75d,
,34.80182,1211.5074,34.477314,2025-09-09 01:13:00.000,f3022dac-e915-4775-a93f-385251ade596.binning_data.json,376,31301,,33.242966,2025-09-09 07:56:28.673,2025-09-09 07:56:28.673,,35.721745,36.07431,33.507233,,34.80182,UTC+0200,VhFspb+oN4,,com.sec.android.app.shealth,2025-09-09 07:44:00.000,f3022dac-e915-4775-a93f-385251ade596,
,33.76431,1140.9843,34.486877,2025-09-11 00:01:00.000,a9b6b38d-ded7-4b31-88e3-c96bfcf856e4.binning_data.json,368,31301,,33.25754,2025-09-11 06:53:41.527,2025-09-11 06:53:41.527,,35.72735,36.00593,31.699198,,33.76431,UTC+0200,VhFspb+oN4,,com.sec.android.app.shealth,2025-09-11 06:32:00.000,a9b6b38d-ded7-4b31-88e3-c96bfcf856e4,
,34.15897,1167.231,34.5022,2025-09-10 01:30:00.000,7882d18b-e9da-42dd-83f5-68d9284cc60f.binning_data.json,422,31301,,33.280296,2025-09-10 09:20:14.318,2025-09-10 09:20:14.318,,35.73352,35.59161,32.756958,,34.15897,UTC+0200,VhFspb+oN4,,com.sec.android.app.shealth,2025-09-10 08:50:00.000,7882d18b-e9da-42dd-83f5-68d9284cc60f,
,35.125515,1233.9202,34.451107,2025-09-11 20:59:00.000,50055c62-ec5e-419b-8ea6-5e38fab77643.binning_data.json,86,31301,,33.16807,2025-09-11 23:08:40.392,2025-09-11 23:08:40.392,,35.748425,35.63627,34.35623,,35.125515,UTC+0200,VhFspb+oN4,,com.sec.android.app.shealth,2025-09-11 22:41:00.000,50055c62-ec5e-419b-8ea6-5e38fab77643,
,33.781208,1141.4363,34.457394,2025-09-11 23:11:00.000,f6a29022-f9e8-4a6f-8e45-0967eb34cf58.binning_data.json,203,31301,,33.213627,2025-09-12 02:56:14.954,2025-09-12 02:56:14.954,,35.743546,34.61373,32.86956,,33.781208,UTC+0200,VhFspb+oN4,,com.sec.android.app.shealth,2025-09-12 02:55:00.000,f6a29022-f9e8-4a6f-8e45-0967eb34cf58,
,34.14995,1166.902,34.45356,2025-09-12 21:15:00.000,0eb448ab-c098-4bc6-bf50-a7417b744570.binning_data.json,350,31301,,33.19925,2025-09-13 03:31:19.776,2025-09-13 03:31:19.776,,35.731346,35.340794,32.682407,,34.14995,UTC+0200,VhFspb+oN4,,com.sec.android.app.shealth,2025-09-13 03:21:00.000,0eb448ab-c098-4bc6-bf50-a7417b744570,
,34.939423,1221.3065,34.442223,2025-09-13 20:33:00.000,42044956-9c34-41e8-a6e3-f94a07dd8d62.binning_data.json,389,31301,,33.177715,2025-09-14 03:21:14.326,2025-09-14 03:21:14.326,,35.715073,36.36619,33.303635,,34.939423,UTC+0200,VhFspb+oN4,,com.sec.android.app.shealth,2025-09-14 03:21:00.000,42044956-9c34-41e8-a6e3-f94a07dd8d62,
,34.293385,1176.4532,34.469296,2025-09-14 20:50:00.000,8bb75033-1c6a-4131-8cd7-7c0d63c36921.binning_data.json,437,31301,,33.17767,2025-09-15 04:52:55.271,2025-09-15 04:52:55.271,,35.75899,35.70123,33.084652,,34.293385,UTC+0200,VhFspb+oN4,,com.sec.android.app.shealth,2025-09-15 04:25:00.000,8bb75033-1c6a-4131-8cd7-7c0d63c36921,
,34.54232,1193.3463,34.460735,2025-09-16 23:40:00.000,8d08e8e3-33fd-4bfa-9aa2-164c15576a28.binning_data.json,453,31301,,33.158913,2025-09-17 08:00:03.911,2025-09-17 08:00:03.911,,35.756893,35.39162,33.526882,,34.54232,UTC+0200,VhFspb+oN4,,com.sec.android.app.shealth,2025-09-17 07:32:00.000,8d08e8e3-33fd-4bfa-9aa2-164c15576a28,
,34.68549,1203.6849,34.469826,2025-09-17 21:01:00.000,c9651877-a55e-4280-af33-c6ba9da93e36.binning_data.json,452,31301,,33.203976,2025-09-18 04:54:26.126,2025-09-18 04:54:26.126,,35.738758,36.06179,32.503677,,34.68549,UTC+0200,VhFspb+oN4,,com.sec.android.app.shealth,2025-09-18 04:48:00.000,c9651877-a55e-4280-af33-c6ba9da93e36,
,34.534912,1193.0209,34.47966,2025-09-18 22:15:00.000,70115f3c-b33e-483b-bdd0-f6f9f24dc8f4.binning_data.json,256,31301,,33.108665,2025-09-19 03:24:44.755,2025-09-19 03:24:44.755,,35.771606,35.816128,33.49404,,34.534912,UTC+0200,VhFspb+oN4,,com.sec.android.app.shealth,2025-09-19 02:52:00.000,70115f3c-b33e-483b-bdd0-f6f9f24dc8f4,
,35.103233,1232.8022,34.48113,2025-09-19 03:32:00.000,b04a6b04-dd72-402a-b4e2-dfc441dca0ca.binning_data.json,123,31301,,33.12542,2025-09-19 05:49:54.576,2025-09-19 05:49:54.576,,35.773544,36.22914,33.92789,,35.103233,UTC+0200,VhFspb+oN4,,com.sec.android.app.shealth,2025-09-19 05:49:00.000,b04a6b04-dd72-402a-b4e2-dfc441dca0ca,
,34.37994,1182.5558,34.49286,2025-09-20 07:41:00.000,127c94de-97b5-4a3e-a3cf-69a3dc863b29.binning_data.json,313,31301,,33.18416,2025-09-20 13:24:35.184,2025-09-20 13:24:35.184,,35.79858,35.959686,32.805897,,34.37994,UTC+0200,VhFspb+oN4,,com.sec.android.app.shealth,2025-09-20 13:09:00.000,127c94de-97b5-4a3e-a3cf-69a3dc863b29,
,34.32349,1178.428,34.48736,2025-09-20 23:36:00.000,41da9c94-55b5-4181-bf28-46bd2d115d88.binning_data.json,463,31301,,33.13522,2025-09-21 07:49:35.329,2025-09-21 07:49:35.329,,35.782917,35.880314,33.193863,,34.32349,UTC+0200,VhFspb+oN4,,com.sec.android.app.shealth,2025-09-21 07:32:00.000,41da9c94-55b5-4181-bf28-46bd2d115d88,
,34.407433,1184.2161,34.48039,2025-09-23 00:28:00.000,966cbed6-2c1d-420f-a679-f1ca1f0d127a.binning_data.json,432,31301,,33.171097,2025-09-23 07:59:51.323,2025-09-23 07:59:51.323,,35.778633,35.7619,33.303017,,34.407433,UTC+0200,VhFspb+oN4,,com.sec.android.app.shealth,2025-09-23 07:59:00.000,966cbed6-2c1d-420f-a679-f1ca1f0d127a,
,34.183582,1168.886,34.495388,2025-09-24 21:45:00.000,96813559-b59e-4801-ab17-1d78f77ee540.binning_data.json,389,31301,,33.211853,2025-09-25 04:36:49.148,2025-09-25 04:36:49.148,,35.790886,35.732468,33.045944,,34.183582,UTC+0200,VhFspb+oN4,,com.sec.android.app.shealth,2025-09-25 04:36:00.000,96813559-b59e-4801-ab17-1d78f77ee540,
,34.205257,1170.7589,34.448036,2025-09-25 22:21:00.000,42d89b5e-35be-4512-b93d-896c6878d81e.binning_data.json,364,31301,,33.181026,2025-09-26 05:01:25.183,2025-09-26 05:01:25.183,,35.78473,35.673214,32.340427,,34.205257,UTC+0200,VhFspb+oN4,,com.sec.android.app.shealth,2025-09-26 04:40:00.000,42d89b5e-35be-4512-b93d-896c6878d81e,
,34.343956,1179.7806,34.442146,2025-09-28 22:22:00.000,926a7d46-5b2b-4ab9-a15a-66ccef5af9d5.binning_data.json,479,31301,,33.161137,2025-09-29 06:37:48.689,2025-09-29 06:37:48.689,,35.754047,35.123863,33.203266,,34.343956,UTC+0200,VhFspb+oN4,,com.sec.android.app.shealth,2025-09-29 06:37:00.000,926a7d46-5b2b-4ab9-a15a-66ccef5af9d5,
,34.751823,1207.9148,34.424343,2025-09-30 22:23:00.000,dcc72b01-6a88-4de2-be60-d4794bd166d2.binning_data.json,318,31301,,33.16096,2025-10-01 04:00:20.067,2025-10-01 04:00:20.067,,35.706657,35.663925,33.757454,,34.751823,UTC+0200,VhFspb+oN4,,com.sec.android.app.shealth,2025-10-01 03:58:00.000,dcc72b01-6a88-4de2-be60-d4794bd166d2,
,34.283188,1175.8254,34.415222,2025-10-01 23:04:00.000,14e66ed1-d0d2-49e4-a02b-1658cf4ae8a9.binning_data.json,455,31301,,33.168518,2025-10-02 07:10:38.593,2025-10-02 07:10:38.593,,35.695087,35.412636,32.550713,,34.283188,UTC+0200,VhFspb+oN4,,com.sec.android.app.shealth,2025-10-02 06:55:00.000,14e66ed1-d0d2-49e4-a02b-1658cf4ae8a9,
,34.533707,1193.0479,34.40828,2025-10-02 21:49:00.000,95637a85-7c11-4fce-a5cf-15730430ab9b.binning_data.json,430,31301,,33.137627,2025-10-03 05:41:04.200,2025-10-03 05:41:04.200,,35.68096,35.744717,32.79457,,34.533707,UTC+0200,VhFspb+oN4,,com.sec.android.app.shealth,2025-10-03 05:15:00.000,95637a85-7c11-4fce-a5cf-15730430ab9b,
,34.344833,1180.0159,34.38907,2025-10-04 22:56:00.000,8debf897-0d4f-40da-9e2f-2a08c9029995.binning_data.json,470,31301,,33.089634,2025-10-05 07:22:50.617,2025-10-05 07:22:50.617,,35.681953,35.590828,32.97436,,34.344833,UTC+0200,VhFspb+oN4,,com.sec.android.app.shealth,2025-10-05 06:58:00.000,8debf897-0d4f-40da-9e2f-2a08c9029995,
,34.535835,1193.2246,34.38661,2025-10-05 21:33:00.000,ee0e9983-d59d-4ccf-91f2-82bebe0fc673.binning_data.json,370,31301,,33.083233,2025-10-06 04:07:20.570,2025-10-06 04:07:20.570,,35.67689,35.541992,32.876823,,34.535835,UTC+0200,VhFspb+oN4,,com.sec.android.app.shealth,2025-10-06 03:58:00.000,ee0e9983-d59d-4ccf-91f2-82bebe0fc673,
,34.25405,1173.7354,34.40746,2025-10-07 00:12:00.000,4dc4bbeb-56c5-4e4e-8583-95a3ee3a2cca.binning_data.json,407,31301,,33.05728,2025-10-07 07:21:13.867,2025-10-07 07:21:13.867,,35.71566,35.543507,32.966286,,34.25405,UTC+0200,VhFspb+oN4,,com.sec.android.app.shealth,2025-10-07 07:16:00.000,4dc4bbeb-56c5-4e4e-8583-95a3ee3a2cca,
,34.456566,1187.7493,34.382458,2025-10-07 20:21:00.000,659b849c-aeb1-4afe-997d-f2bc546bc5ca.binning_data.json,438,31301,,33.025463,2025-10-08 04:08:14.687,2025-10-08 04:08:14.687,,35.685177,35.990685,33.179253,,34.456566,UTC+0200,VhFspb+oN4,,com.sec.android.app.shealth,2025-10-08 03:58:00.000,659b849c-aeb1-4afe-997d-f2bc546bc5ca,
,34.269035,1174.8658,34.435413,2025-10-09 22:12:00.000,f2067b05-8156-4637-be97-e14340ca38d0.binning_data.json,429,31301,,33.061604,2025-10-10 05:43:37.230,2025-10-10 05:43:37.230,,35.716663,35.603073,32.863705,,34.269035,UTC+0200,VhFspb+oN4,,com.sec.android.app.shealth,2025-10-10 05:34:00.000,f2067b05-8156-4637-be97-e14340ca38d0,
,34.24964,1173.5518,34.43904,2025-10-11 01:21:00.000,69c916fe-9e01-4670-a16c-baca31523fee.binning_data.json,434,31301,,33.072933,2025-10-11 09:18:43.877,2025-10-11 09:18:43.877,,35.72988,35.413982,32.121964,,34.24964,UTC+0200,VhFspb+oN4,,com.sec.android.app.shealth,2025-10-11 08:48:00.000,69c916fe-9e01-4670-a16c-baca31523fee,
,34.817165,1212.5969,34.41052,2025-10-12 20:59:00.000,9d73cdc4-9674-4b1b-8529-85306318d6af.binning_data.json,406,31301,,33.018818,2025-10-13 04:10:54.555,2025-10-13 04:10:54.555,,35.688602,35.978714,33.264366,,34.817165,UTC+0200,VhFspb+oN4,,com.sec.android.app.shealth,2025-10-13 04:01:00.000,9d73cdc4-9674-4b1b-8529-85306318d6af,
,34.64089,1200.2448,34.424706,2025-10-14 21:26:00.000,4999b8ae-9021-47dc-a6a7-c77ef7d8445d.binning_data.json,376,31301,,33.00132,2025-10-15 04:10:06.618,2025-10-15 04:10:06.618,,35.72634,35.57271,33.428688,,34.64089,UTC+0200,VhFspb+oN4,,com.sec.android.app.shealth,2025-10-15 03:59:00.000,4999b8ae-9021-47dc-a6a7-c77ef7d8445d,
,34.658783,1201.5385,34.41973,2025-10-15 21:44:00.000,06a2307a-e077-4d0b-a739-5f608189a4ca.binning_data.json,455,31301,,33.062984,2025-10-16 05:43:38.801,2025-10-16 05:43:38.801,,35.69848,36.089394,33.65832,,34.658783,UTC+0200,VhFspb+oN4,,com.sec.android.app.shealth,2025-10-16 05:36:00.000,06a2307a-e077-4d0b-a739-5f608189a4ca,
,34.710037,1205.151,34.42758,2025-10-19 21:18:00.000,01508ee7-bd8a-4519-924d-8bada903d632.binning_data.json,368,31301,,33.037582,2025-10-20 04:06:14.534,2025-10-20 04:06:14.534,,35.651752,36.047092,33.32707,,34.710037,UTC+0200,VhFspb+oN4,,com.sec.android.app.shealth,2025-10-20 03:41:00.000,01508ee7-bd8a-4519-924d-8bada903d632,
,34.668697,1202.0724,34.461063,2025-10-22 22:10:00.000,b26cb3f3-2a4c-4005-9896-85beb26f5db5.binning_data.json,427,31301,,33.03901,2025-10-23 05:37:59.714,2025-10-23 05:37:59.714,,35.665215,35.469368,33.20893,,34.668697,UTC+0200,VhFspb+oN4,,com.sec.android.app.shealth,2025-10-23 05:31:00.000,b26cb3f3-2a4c-4005-9896-85beb26f5db5,
,34.437126,1186.3501,34.490093,2025-10-23 23:07:00.000,b2b79da8-eff7-4d1a-90cd-02cb2ea9f720.binning_data.json,371,31301,,33.098846,2025-10-24 05:46:43.010,2025-10-24 05:46:43.010,,35.646683,35.81207,33.098934,,34.437126,UTC+0200,VhFspb+oN4,,com.sec.android.app.shealth,2025-10-24 05:33:00.000,b2b79da8-eff7-4d1a-90cd-02cb2ea9f720,
,34.655193,1201.3093,34.48713,2025-10-25 01:36:00.000,99ed6834-3a83-4377-9a21-17416dd4c1f2.binning_data.json,402,31301,,33.098854,2025-10-25 08:59:37.652,2025-10-25 08:59:37.652,,35.660465,35.50826,32.900505,,34.655193,UTC+0200,VhFspb+oN4,,com.sec.android.app.shealth,2025-10-25 08:31:00.000,99ed6834-3a83-4377-9a21-17416dd4c1f2,
,34.320076,1178.4656,34.507896,2025-10-26 21:55:00.000,83065311-3e00-4b23-89a7-17ab21a9e5dc.binning_data.json,411,31301,,33.073624,2025-10-27 05:04:32.222,2025-10-27 05:04:32.222,,35.668324,35.499516,32.467236,,34.320076,UTC+0100,VhFspb+oN4,,com.sec.android.app.shealth,2025-10-27 05:03:00.000,83065311-3e00-4b23-89a7-17ab21a9e5dc,
,34.230705,1172.3257,34.496815,2025-10-27 23:19:00.000,83534573-15f8-42aa-a723-164eb82f6e8f.binning_data.json,416,31301,,33.0334,2025-10-28 06:36:48.121,2025-10-28 06:36:48.121,,35.65534,35.53477,32.088604,,34.230705,UTC+0100,VhFspb+oN4,,com.sec.android.app.shealth,2025-10-28 06:31:00.000,83534573-15f8-42aa-a723-164eb82f6e8f,
,34.333714,1179.2594,34.46967,2025-10-28 22:14:00.000,4bc5d973-0117-4f1a-992a-2ee50cabbe38.binning_data.json,387,31301,,32.959442,2025-10-29 05:01:59.335,2025-10-29 05:01:59.335,,35.6454,35.566803,32.84476,,34.333714,UTC+0100,VhFspb+oN4,,com.sec.android.app.shealth,2025-10-29 05:00:00.000,4bc5d973-0117-4f1a-992a-2ee50cabbe38,
,34.187714,1169.2234,34.474277,2025-10-29 22:39:00.000,9b5f1649-0947-4a2d-bf10-b0202ae34ece.binning_data.json,379,31301,,32.982063,2025-10-30 05:47:29.255,2025-10-30 05:47:29.255,,35.652897,35.35569,32.878117,,34.187714,UTC+0100,VhFspb+oN4,,com.sec.android.app.shealth,2025-10-30 05:17:00.000,9b5f1649-0947-4a2d-bf10-b0202ae34ece,
,34.55971,1194.7357,34.45496,2025-10-31 01:25:00.000,f75c7fae-c7f7-4ec7-80da-c794166308c6.binning_data.json,405,31301,,32.988487,2025-10-31 08:57:24.465,2025-10-31 08:57:24.465,,35.631718,35.794548,33.401104,,34.55971,UTC+0100,VhFspb+oN4,,com.sec.android.app.shealth,2025-10-31 08:32:00.000,f75c7fae-c7f7-4ec7-80da-c794166308c6,
,34.21977,1171.41,34.468647,2025-11-01 23:54:00.000,9e2a3017-a70e-4f2d-a550-47c6b1c71c62.binning_data.json,455,31301,,33.021313,2025-11-02 08:11:54.609,2025-11-02 08:11:54.609,,35.64739,35.544292,32.68331,,34.21977,UTC+0100,VhFspb+oN4,,com.sec.android.app.shealth,2025-11-02 07:46:00.000,9e2a3017-a70e-4f2d-a550-47c6b1c71c62,
,34.321133,1178.4796,34.448822,2025-11-02 21:59:00.000,467324dc-22df-4786-809a-3847ba84ef63.binning_data.json,404,31301,,33.006428,2025-11-03 05:11:07.356,2025-11-03 05:11:07.356,,35.64756,35.69377,32.980293,,34.321133,UTC+0100,VhFspb+oN4,,com.sec.android.app.shealth,2025-11-03 04:59:00.000,467324dc-22df-4786-809a-3847ba84ef63,
,34.28789,1175.9785,34.441826,2025-11-04 01:54:00.000,bffa0d59-4726-4740-a521-d9952222a997.binning_data.json,200,31301,,33.00456,2025-11-04 05:35:16.920,2025-11-04 05:35:16.920,,35.650864,35.523808,33.26555,,34.28789,UTC+0100,VhFspb+oN4,,com.sec.android.app.shealth,2025-11-04 05:28:00.000,bffa0d59-4726-4740-a521-d9952222a997,
,34.411804,1184.5953,34.437756,2025-11-04 05:36:00.000,ed4ccc3f-16ea-42bb-ba1a-6d1efecf8ce4.binning_data.json,172,31301,,33.02196,2025-11-04 08:35:15.356,2025-11-04 08:35:15.356,,35.64239,35.433,33.186314,,34.411804,UTC+0100,VhFspb+oN4,,com.sec.android.app.shealth,2025-11-04 08:30:00.000,ed4ccc3f-16ea-42bb-ba1a-6d1efecf8ce4,
,33.861816,1147.1647,34.446754,2025-11-05 22:14:00.000,168f8505-b7e1-43ef-a7d5-683cda431b99.binning_data.json,448,31301,,33.02644,2025-11-06 06:15:25.398,2025-11-06 06:15:25.398,,35.609623,35.356426,32.233887,,33.861816,UTC+0100,VhFspb+oN4,,com.sec.android.app.shealth,2025-11-06 05:59:00.000,168f8505-b7e1-43ef-a7d5-683cda431b99,
,34.204227,1170.3746,34.41989,2025-11-06 23:25:00.000,647c2dc8-e675-4aa2-842e-7005518e790c.binning_data.json,417,31301,,32.981453,2025-11-07 06:53:34.352,2025-11-07 06:53:34.352,,35.59612,35.484848,32.708214,,34.204227,UTC+0100,VhFspb+oN4,,com.sec.android.app.shealth,2025-11-07 06:39:00.000,647c2dc8-e675-4aa2-842e-7005518e790c,
,34.42118,1185.1624,34.407627,2025-11-07 23:02:00.000,da93c054-c339-4ea3-9507-42ee06fd67a0.binning_data.json,458,31301,,32.963238,2025-11-08 07:25:29.989,2025-11-08 07:25:29.989,,35.588696,35.453503,33.29485,,34.42118,UTC+0100,VhFspb+oN4,,com.sec.android.app.shealth,2025-11-08 06:55:00.000,da93c054-c339-4ea3-9507-42ee06fd67a0,
,34.40607,1184.0118,34.41779,2025-11-09 03:41:00.000,1f5b4177-ed54-48f2-8266-81e6fc6a9d59.binning_data.json,267,31301,,33.03397,2025-11-09 08:25:10.453,2025-11-09 08:25:10.453,,35.59133,35.430416,33.29935,,34.40607,UTC+0100,VhFspb+oN4,,com.sec.android.app.shealth,2025-11-09 08:23:00.000,1f5b4177-ed54-48f2-8266-81e6fc6a9d59,
,34.520966,1191.9598,34.381374,2025-11-12 00:32:00.000,81d60575-2246-4b00-8388-4646c37ba625.binning_data.json,441,31301,,33.010246,2025-11-12 08:18:25.586,2025-11-12 08:18:25.586,,35.553497,35.428997,33.490192,,34.520966,UTC+0100,VhFspb+oN4,,com.sec.android.app.shealth,2025-11-12 08:11:00.000,81d60575-2246-4b00-8388-4646c37ba625,
,34.693256,1203.8353,34.371902,2025-11-12 23:39:00.000,fd4d5a88-ba49-4b19-8bc7-d831535ac269.binning_data.json,401,31301,,33.010246,2025-11-13 06:40:35.034,2025-11-13 06:40:35.034,,35.52613,35.522514,33.40304,,34.693256,UTC+0100,VhFspb+oN4,,com.sec.android.app.shealth,2025-11-13 06:35:00.000,fd4d5a88-ba49-4b19-8bc7-d831535ac269,
,34.56659,1195.2112,34.38973,2025-11-15 03:03:00.000,22fb9460-5203-4aee-930f-03da11a5c1cf.binning_data.json,346,31301,,33.0363,2025-11-15 09:32:43.235,2025-11-15 09:32:43.235,,35.52589,35.68209,33.086235,,34.56659,UTC+0100,VhFspb+oN4,,com.sec.android.app.shealth,2025-11-15 09:10:00.000,22fb9460-5203-4aee-930f-03da11a5c1cf,
,34.274456,1175.3151,34.381863,2025-11-16 23:41:00.000,6bab963c-a4ab-4643-86fc-97b5ab975c8f.binning_data.json,299,31301,,33.02025,2025-11-17 04:59:18.336,2025-11-17 04:59:18.336,,35.518394,35.471756,32.63845,,34.274456,UTC+0100,VhFspb+oN4,,com.sec.android.app.shealth,2025-11-17 04:59:00.000,6bab963c-a4ab-4643-86fc-97b5ab975c8f,
,34.519543,1191.9819,34.377586,2025-11-18 22:57:00.000,61c688ff-aec0-4c38-b393-2c3ccb62caac.binning_data.json,355,31301,,32.996384,2025-11-19 05:11:05.647,2025-11-19 05:11:05.647,,35.51548,35.830956,33.108513,,34.519543,UTC+0100,VhFspb+oN4,,com.sec.android.app.shealth,2025-11-19 05:09:00.000,61c688ff-aec0-4c38-b393-2c3ccb62caac,
,33.92091,1151.7551,34.36764,2025-11-19 23:33:00.000,b5084533-e93c-43d8-b378-224653b17ef4.binning_data.json,405,31301,,32.99011,2025-11-20 06:40:31.533,2025-11-20 06:40:31.533,,35.535805,35.51234,31.516104,,33.92091,UTC+0100,VhFspb+oN4,,com.sec.android.app.shealth,2025-11-20 06:35:00.000,b5084533-e93c-43d8-b378-224653b17ef4,
,34.772217,1209.6262,34.339966,2025-11-21 00:13:00.000,6d0cffc3-89bc-4c74-896e-e410b7d5b280.binning_data.json,362,31301,,32.936043,2025-11-21 07:08:00.355,2025-11-21 07:08:00.355,,35.518166,35.78478,33.00267,,34.772217,UTC+0100,VhFspb+oN4,,com.sec.android.app.shealth,2025-11-21 06:35:00.000,6d0cffc3-89bc-4c74-896e-e410b7d5b280,
,34.37662,1182.0261,34.359947,2025-11-22 00:22:00.000,39cc4621-807c-4ba2-bd13-324845a05a11.binning_data.json,417,31301,,32.956287,2025-11-22 07:35:25.194,2025-11-22 07:35:25.194,,35.524113,35.077904,32.516693,,34.37662,UTC+0100,VhFspb+oN4,,com.sec.android.app.shealth,2025-11-22 07:35:00.000,39cc4621-807c-4ba2-bd13-324845a05a11,
,34.084293,1162.2885,34.345707,2025-11-23 01:18:00.000,f81e983b-a96a-4c60-92e8-613112b880f8.binning_data.json,387,31301,,32.930702,2025-11-23 08:19:34.218,2025-11-23 08:19:34.218,,35.518826,35.545895,31.951433,,34.084293,UTC+0100,VhFspb+oN4,,com.sec.android.app.shealth,2025-11-23 08:02:00.000,f81e983b-a96a-4c60-92e8-613112b880f8,
,34.741497,1207.2593,34.334118,2025-11-23 23:17:00.000,63f9917d-f1f8-4aab-86c7-ef070ef41457.binning_data.json,326,31301,,32.915146,2025-11-24 05:01:45.040,2025-11-24 05:01:45.040,,35.52192,35.90052,33.6363,,34.741497,UTC+0100,VhFspb+oN4,,com.sec.android.app.shealth,2025-11-24 04:58:00.000,63f9917d-f1f8-4aab-86c7-ef070ef41457,
,34.615746,1198.8953,34.35686,2025-11-25 00:26:00.000,705851e1-d5ab-4810-8a97-56172812fe22.binning_data.json,470,31301,,32.99296,2025-11-25 08:38:24.802,2025-11-25 08:38:24.802,,35.538586,35.75009,32.733738,,34.615746,UTC+0100,VhFspb+oN4,,com.sec.android.app.shealth,2025-11-25 08:30:00.000,705851e1-d5ab-4810-8a97-56172812fe22,
,34.20778,1171.1215,34.373577,2025-11-25 22:02:00.000,075af8eb-1937-4420-b803-e11d8d03687c.binning_data.json,405,31301,,32.985558,2025-11-26 05:10:34.527,2025-11-26 05:10:34.527,,35.550804,36.316814,32.46852,,34.20778,UTC+0100,VhFspb+oN4,,com.sec.android.app.shealth,2025-11-26 05:02:00.000,075af8eb-1937-4420-b803-e11d8d03687c,
,34.588875,1196.6024,34.373997,2025-11-26 23:14:00.000,fd7fe9aa-d612-4cb6-ade9-eeca222f64ea.binning_data.json,420,31301,,32.958252,2025-11-27 06:37:43.381,2025-11-27 06:37:43.381,,35.575176,35.594383,33.13867,,34.588875,UTC+0100,VhFspb+oN4,,com.sec.android.app.shealth,2025-11-27 06:30:00.000,fd7fe9aa-d612-4cb6-ade9-eeca222f64ea,
,34.602154,1197.9891,34.384926,2025-11-27 23:36:00.000,79f5de29-3ccf-4d87-b010-29e2e5279462.binning_data.json,392,31301,,32.96953,2025-11-28 06:38:10.435,2025-11-28 06:38:10.435,,35.576378,35.66775,32.220795,,34.602154,UTC+0100,VhFspb+oN4,,com.sec.android.app.shealth,2025-11-28 06:24:00.000,79f5de29-3ccf-4d87-b010-29e2e5279462,
,34.893303,1217.8567,34.386665,2025-11-28 23:18:00.000,283b7bc6-1b2b-4a3a-a33b-494fe55e5128.binning_data.json,452,31301,,32.89658,2025-11-29 07:37:23.972,2025-11-29 07:37:23.972,,35.56845,35.832226,33.582813,,34.893303,UTC+0100,VhFspb+oN4,,com.sec.android.app.shealth,2025-11-29 07:05:00.000,283b7bc6-1b2b-4a3a-a33b-494fe55e5128,
,34.615635,1198.5776,34.423656,2025-11-29 22:57:00.000,8e2ce096-9e90-4c68-875d-a1da4b15db30.binning_data.json,368,31301,,32.941563,2025-11-30 05:31:21.409,2025-11-30 05:31:21.409,,35.58637,35.680786,33.531307,,34.615635,UTC+0100,VhFspb+oN4,,com.sec.android.app.shealth,2025-11-30 05:20:00.000,8e2ce096-9e90-4c68-875d-a1da4b15db30,
,34.88399,1216.9529,34.43731,2025-11-30 21:52:00.000,3627df42-1d73-44ec-9b21-ed4302ad9040.binning_data.json,66,31301,,32.97343,2025-11-30 23:38:43.969,2025-11-30 23:38:43.969,,35.585556,35.270744,34.510902,,34.88399,UTC+0100,VhFspb+oN4,,com.sec.android.app.shealth,2025-11-30 23:13:00.000,3627df42-1d73-44ec-9b21-ed4302ad9040,
,34.282295,1175.4137,34.440872,2025-11-30 23:35:00.000,f2a41ce9-e858-4f90-a0d3-ff73e8251b75.binning_data.json,309,31301,,33.00625,2025-12-01 04:56:21.115,2025-12-01 04:56:21.115,,35.576347,35.030304,33.51316,,34.282295,UTC+0100,VhFspb+oN4,,com.sec.android.app.shealth,2025-12-01 04:55:00.000,f2a41ce9-e858-4f90-a0d3-ff73e8251b75,
,34.692905,1204.0956,34.43516,2025-12-02 01:14:00.000,24a3cf5d-71cd-4c37-b376-8d78110a563c.binning_data.json,353,31301,,33.03441,2025-12-02 07:41:11.496,2025-12-02 07:41:11.496,,35.56413,35.90053,33.150616,,34.692905,UTC+0100,VhFspb+oN4,,com.sec.android.app.shealth,2025-12-02 07:29:00.000,24a3cf5d-71cd-4c37-b376-8d78110a563c,
,34.916508,1219.508,34.449696,2025-12-02 22:26:00.000,6a0e4ac2-24ab-4818-b06b-9a8b9a2089ed.binning_data.json,380,31301,,33.01871,2025-12-03 05:13:58.076,2025-12-03 05:13:58.076,,35.589985,36.00509,33.47251,,34.916508,UTC+0100,VhFspb+oN4,,com.sec.android.app.shealth,2025-12-03 04:59:00.000,6a0e4ac2-24ab-4818-b06b-9a8b9a2089ed,
,34.342438,1179.8508,34.50157,2025-12-03 23:57:00.000,75178e8a-3065-4a27-98c0-5ee0b976b653.binning_data.json,378,31301,,33.091576,2025-12-04 06:39:43.174,2025-12-04 06:39:43.174,,35.62199,35.888557,32.705795,,34.342438,UTC+0100,VhFspb+oN4,,com.sec.android.app.shealth,2025-12-04 06:32:00.000,75178e8a-3065-4a27-98c0-5ee0b976b653,
,34.495567,1190.4395,34.50912,2025-12-04 23:05:00.000,bbc99514-59c1-4b1d-8638-6ca8276a357a.binning_data.json,427,31301,,33.09143,2025-12-05 06:40:54.823,2025-12-05 06:40:54.823,,35.64574,35.802,32.9687,,34.495567,UTC+0100,VhFspb+oN4,,com.sec.android.app.shealth,2025-12-05 06:26:00.000,bbc99514-59c1-4b1d-8638-6ca8276a357a,
,34.59546,1197.3752,34.513214,2025-12-06 01:53:00.000,379a67a2-3cdc-49e8-b42b-d20ad47a5523.binning_data.json,413,31301,,33.072247,2025-12-06 09:32:59.655,2025-12-06 09:32:59.655,,35.66624,35.596016,32.77917,,34.59546,UTC+0100,VhFspb+oN4,,com.sec.android.app.shealth,2025-12-06 09:01:00.000,379a67a2-3cdc-49e8-b42b-d20ad47a5523,
,34.775814,1209.6987,34.520515,2025-12-07 22:38:00.000,73b491b1-a4f3-428e-b2aa-f5ad2c9fc43a.binning_data.json,447,31301,,33.04165,2025-12-08 06:35:05.167,2025-12-08 06:35:05.167,,35.675983,35.650177,33.398476,,34.775814,UTC+0100,VhFspb+oN4,,com.sec.android.app.shealth,2025-12-08 06:21:00.000,73b491b1-a4f3-428e-b2aa-f5ad2c9fc43a,
,34.23372,1172.5873,34.53317,2025-12-08 22:55:00.000,0a56188f-f6dc-47f5-bcae-a69daadd416d.binning_data.json,318,31301,,33.061474,2025-12-09 04:54:16.389,2025-12-09 04:54:16.389,,35.674545,35.505703,32.205395,,34.23372,UTC+0100,VhFspb+oN4,,com.sec.android.app.shealth,2025-12-09 04:27:00.000,0a56188f-f6dc-47f5-bcae-a69daadd416d,
,34.14596,1166.1095,34.52297,2025-12-09 05:03:00.000,39327739-c44a-41be-b770-9f13fbf55d72.binning_data.json,141,31301,,33.017223,2025-12-09 08:14:55.148,2025-12-09 08:14:55.148,,35.66566,34.89792,33.468983,,34.14596,UTC+0100,VhFspb+oN4,,com.sec.android.app.shealth,2025-12-09 07:44:00.000,39327739-c44a-41be-b770-9f13fbf55d72,
,34.239643,1172.7452,34.50901,2025-12-10 23:37:00.000,03a5a6a9-f524-4194-85b1-33c08f3204ba.binning_data.json,449,31301,,32.994614,2025-12-11 07:29:01.986,2025-12-11 07:29:01.986,,35.664818,35.600117,32.952248,,34.239643,UTC+0100,VhFspb+oN4,,com.sec.android.app.shealth,2025-12-11 07:21:00.000,03a5a6a9-f524-4194-85b1-33c08f3204ba,
,34.377277,1182.0299,34.495697,2025-12-12 00:07:00.000,948b5c58-cec4-4eba-ba40-a158c9094363.binning_data.json,372,31301,,32.992382,2025-12-12 07:02:45.283,2025-12-12 07:02:45.283,,35.66141,35.192135,33.426945,,34.377277,UTC+0100,VhFspb+oN4,,com.sec.android.app.shealth,2025-12-12 06:34:00.000,948b5c58-cec4-4eba-ba40-a158c9094363,
,34.431236,1186.1672,34.495422,2025-12-14 22:19:00.000,380a8b80-77ed-4864-ac1b-8cc2302ba0e5.binning_data.json,381,31301,,33.030975,2025-12-15 05:10:07.929,2025-12-15 05:10:07.929,,35.64473,36.209904,32.399727,,34.431236,UTC+0100,VhFspb+oN4,,com.sec.android.app.shealth,2025-12-15 04:59:00.000,380a8b80-77ed-4864-ac1b-8cc2302ba0e5,
,34.412453,1184.4681,34.49276,2025-12-15 23:10:00.000,37576420-3618-4634-9e01-bfaf995da455.binning_data.json,353,31301,,32.997753,2025-12-16 05:20:49.054,2025-12-16 05:20:49.054,,35.65819,35.503838,33.472878,,34.412453,UTC+0100,VhFspb+oN4,,com.sec.android.app.shealth,2025-12-16 05:20:00.000,37576420-3618-4634-9e01-bfaf995da455,
,34.29558,1176.5262,34.488644,2025-12-16 22:28:00.000,b91173ab-37b4-420c-90f6-f241185aa602.binning_data.json,382,31301,,33.01693,2025-12-17 05:13:51.005,2025-12-17 05:13:51.005,,35.640976,36.112053,33.222637,,34.29558,UTC+0100,VhFspb+oN4,,com.sec.android.app.shealth,2025-12-17 05:03:00.000,b91173ab-37b4-420c-90f6-f241185aa602,
,34.64874,1201.1405,34.51135,2025-12-22 01:03:00.000,73e5e1f5-63b7-45b5-b653-7f81dfe80c22.binning_data.json,368,31301,,33.124866,2025-12-22 07:49:53.861,2025-12-22 07:49:53.861,,35.6832,35.956486,33.459515,,34.64874,UTC+0100,VhFspb+oN4,,com.sec.android.app.shealth,2025-12-22 07:26:00.000,73e5e1f5-63b7-45b5-b653-7f81dfe80c22,
,34.297012,1176.9496,34.528706,2025-12-24 00:54:00.000,8b8cee79-b7f2-49af-a8dc-02a7174d9184.binning_data.json,421,31301,,33.19133,2025-12-24 08:30:32.730,2025-12-24 08:30:32.730,,35.665405,35.41441,32.01096,,34.297012,UTC+0100,VhFspb+oN4,,com.sec.android.app.shealth,2025-12-24 08:11:00.000,8b8cee79-b7f2-49af-a8dc-02a7174d9184,
,33.880833,1149.2706,34.511578,2025-12-25 00:16:00.000,9c53392f-df91-485b-930a-eba2e19f202f.binning_data.json,445,31301,,33.133965,2025-12-25 08:23:51.541,2025-12-25 08:23:51.541,,35.65416,35.811325,30.840858,,33.880833,UTC+0100,VhFspb+oN4,,com.sec.android.app.shealth,2025-12-25 07:56:00.000,9c53392f-df91-485b-930a-eba2e19f202f,
,34.60651,1198.1333,34.4394,2025-12-27 01:11:00.000,381a4153-b51c-4b54-b491-3661ae12994a.binning_data.json,536,31301,,33.10645,2025-12-27 10:26:36.945,2025-12-27 10:26:36.945,,35.651863,36.14496,32.937786,,34.60651,UTC+0100,VhFspb+oN4,,com.sec.android.app.shealth,2025-12-27 10:21:00.000,381a4153-b51c-4b54-b491-3661ae12994a,
,35.14568,1235.5457,34.44296,2025-12-28 00:28:00.000,aa74173e-2092-4790-80dd-4caff147078b.binning_data.json,178,31301,,33.068092,2025-12-28 04:10:48.209,2025-12-28 04:10:48.209,,35.680614,36.165047,34.216236,,35.14568,UTC+0100,VhFspb+oN4,,com.sec.android.app.shealth,2025-12-28 03:44:00.000,aa74173e-2092-4790-80dd-4caff147078b,
,34.651062,1200.9192,34.460537,2025-12-28 04:14:00.000,c7dcf725-2fa3-401d-9499-ba411777fe6f.binning_data.json,389,31301,,33.09591,2025-12-28 11:27:12.396,2025-12-28 11:27:12.396,,35.709637,35.682514,33.644917,,34.651062,UTC+0100,VhFspb+oN4,,com.sec.android.app.shealth,2025-12-28 11:03:00.000,c7dcf725-2fa3-401d-9499-ba411777fe6f,
,34.584183,1196.6373,34.46337,2025-12-30 02:31:00.000,42793336-be5c-4d15-bfb2-9ba5cceab340.binning_data.json,496,31301,,33.0622,2025-12-30 11:26:41.882,2025-12-30 11:26:41.882,,35.762375,35.684475,32.328583,,34.584183,UTC+0100,VhFspb+oN4,,com.sec.android.app.shealth,2025-12-30 11:09:00.000,42793336-be5c-4d15-bfb2-9ba5cceab340,
,34.480385,1189.3413,34.453156,2026-01-01 03:25:00.000,234e1648-a70c-49df-bb68-b0a92d1ce116.binning_data.json,346,31301,,33.001617,2026-01-01 09:54:47.720,2026-01-01 09:54:47.720,,35.728004,35.79255,33.210243,,34.480385,UTC+0100,VhFspb+oN4,,com.sec.android.app.shealth,2026-01-01 09:29:00.000,234e1648-a70c-49df-bb68-b0a92d1ce116,
,34.44844,1187.4467,34.441956,2026-01-03 00:43:00.000,c1be845a-8601-4e8b-babf-8f6b9dcf57a1.binning_data.json,368,31301,,33.040283,2026-01-03 07:07:56.439,2026-01-03 07:07:56.439,,35.738216,36.415184,32.938343,,34.44844,UTC+0100,VhFspb+oN4,,com.sec.android.app.shealth,2026-01-03 07:07:00.000,c1be845a-8601-4e8b-babf-8f6b9dcf57a1,
,34.80332,1211.7455,34.44233,2026-01-03 09:36:00.000,8d6e9444-af08-4e98-a083-e9dd6cff85ee.binning_data.json,149,31301,,33.03244,2026-01-03 12:45:19.707,2026-01-03 12:45:19.707,,35.77105,35.793087,33.77128,,34.80332,UTC+0100,VhFspb+oN4,,com.sec.android.app.shealth,2026-01-03 12:20:00.000,8d6e9444-af08-4e98-a083-e9dd6cff85ee,
,34.279736,1175.4297,34.450554,2026-01-04 01:15:00.000,4583c0aa-d160-40e7-902b-68cb1ad3dd0c.binning_data.json,442,31301,,33.07619,2026-01-04 09:22:21.033,2026-01-04 09:22:21.033,,35.77262,35.315838,33.244957,,34.279736,UTC+0100,VhFspb+oN4,,com.sec.android.app.shealth,2026-01-04 08:57:00.000,4583c0aa-d160-40e7-902b-68cb1ad3dd0c,
,34.54283,1193.4536,34.416748,2026-01-05 00:43:00.000,bf8773c8-9290-4e5f-8f7b-1706405f8a0a.binning_data.json,553,31301,,33.065224,2026-01-05 10:36:38.983,2026-01-05 10:36:38.983,,35.748745,35.934334,33.39384,,34.54283,UTC+0100,VhFspb+oN4,,com.sec.android.app.shealth,2026-01-05 10:10:00.000,bf8773c8-9290-4e5f-8f7b-1706405f8a0a,
,33.77821,1141.5344,34.441807,2026-01-06 23:44:00.000,77c52e4d-a252-40f0-80e5-1f4f9caa6302.binning_data.json,307,31301,,33.125584,2026-01-07 05:08:07.761,2026-01-07 05:08:07.761,,35.81501,35.06939,32.444836,,33.77821,UTC+0100,VhFspb+oN4,,com.sec.android.app.shealth,2026-01-07 05:05:00.000,77c52e4d-a252-40f0-80e5-1f4f9caa6302,
,34.62705,1199.8217,34.424393,2026-01-07 22:57:00.000,1a87d118-1429-4645-8ef6-b915243aeb0d.binning_data.json,371,31301,,33.08655,2026-01-08 05:24:41.501,2026-01-08 05:24:41.501,,35.793148,36.425503,30.981785,,34.62705,UTC+0100,VhFspb+oN4,,com.sec.android.app.shealth,2026-01-08 05:24:00.000,1a87d118-1429-4645-8ef6-b915243aeb0d,
,34.37143,1181.8508,34.43869,2026-01-09 01:43:00.000,d8cb7b8d-b97b-435f-8860-d0f7bbec74a3.binning_data.json,424,31301,,32.97763,2026-01-09 09:30:43.043,2026-01-09 09:30:43.043,,35.861923,35.66476,33.19482,,34.37143,UTC+0100,VhFspb+oN4,,com.sec.android.app.shealth,2026-01-09 09:02:00.000,d8cb7b8d-b97b-435f-8860-d0f7bbec74a3,
,34.579163,1196.1713,34.434563,2026-01-09 23:59:00.000,5257546c-de6b-4768-9e90-32a7dd732e78.binning_data.json,505,31301,,32.993145,2026-01-10 09:06:16.357,2026-01-10 09:06:16.357,,35.84784,35.868607,32.873123,,34.579163,UTC+0100,VhFspb+oN4,,com.sec.android.app.shealth,2026-01-10 08:38:00.000,5257546c-de6b-4768-9e90-32a7dd732e78,
,34.567745,1195.6948,34.445126,2026-01-11 23:09:00.000,83ea0137-ed7b-46f4-91fc-b79c87f4dc1c.binning_data.json,331,31301,,33.02696,2026-01-12 05:06:23.113,2026-01-12 05:06:23.113,,35.82346,36.204506,33.193554,,34.567745,UTC+0100,VhFspb+oN4,,com.sec.android.app.shealth,2026-01-12 04:56:00.000,83ea0137-ed7b-46f4-91fc-b79c87f4dc1c,
,34.683094,1203.3162,34.45256,2026-01-13 01:08:00.000,672a03fe-004c-4a94-b478-80cd3da396a2.binning_data.json,381,31301,,33.007008,2026-01-13 07:56:07.419,2026-01-13 07:56:07.419,,35.87351,35.5587,32.844547,,34.683094,UTC+0100,VhFspb+oN4,,com.sec.android.app.shealth,2026-01-13 07:45:00.000,672a03fe-004c-4a94-b478-80cd3da396a2,
,34.448246,1187.1461,34.473644,2026-01-13 23:28:00.000,1831cb0c-b10f-4c5a-9c2a-710b464de1e1.binning_data.json,298,31301,,32.98,2026-01-14 04:57:28.000,2026-01-14 04:57:28.000,,35.83398,35.470997,32.83829,,34.448246,UTC+0100,VhFspb+oN4,,com.sec.android.app.shealth,2026-01-14 04:41:00.000,1831cb0c-b10f-4c5a-9c2a-710b464de1e1,
,34.07745,1161.9877,34.472607,2026-01-15 00:23:00.000,72632288-c722-4990-820d-db2132803e12.binning_data.json,325,31301,,32.970554,2026-01-15 06:09:20.106,2026-01-15 06:09:20.106,,35.80978,35.804253,32.114212,,34.07745,UTC+0100,VhFspb+oN4,,com.sec.android.app.shealth,2026-01-15 06:04:00.000,72632288-c722-4990-820d-db2132803e12,
,35.04807,1228.5895,34.455784,2026-01-16 00:02:00.000,6463dfdf-8eb2-41ce-951c-d386d15671bb.binning_data.json,359,31301,,32.91703,2026-01-16 06:22:41.232,2026-01-16 06:22:41.232,,35.809437,35.98025,33.630302,,35.04807,UTC+0100,VhFspb+oN4,,com.sec.android.app.shealth,2026-01-16 06:14:00.000,6463dfdf-8eb2-41ce-951c-d386d15671bb,
,34.56432,1195.3516,34.482388,2026-01-18 00:15:00.000,29772b49-e020-4100-8552-03e6ea6c4e07.binning_data.json,364,31301,,32.976463,2026-01-18 06:50:53.295,2026-01-18 06:50:53.295,,35.820824,35.490234,32.43202,,34.56432,UTC+0100,VhFspb+oN4,,com.sec.android.app.shealth,2026-01-18 06:34:00.000,29772b49-e020-4100-8552-03e6ea6c4e07,
,33.84393,1146.0803,34.47846,2026-01-18 22:44:00.000,ee0a678a-d15c-499a-987c-822e361d503c.binning_data.json,345,31301,,32.907963,2026-01-19 05:00:04.509,2026-01-19 05:00:04.509,,35.78974,35.31222,32.175766,,33.84393,UTC+0100,VhFspb+oN4,,com.sec.android.app.shealth,2026-01-19 04:44:00.000,ee0a678a-d15c-499a-987c-822e361d503c,
,34.705154,1205.0387,34.452187,2026-01-20 00:41:00.000,989184fa-aac5-496c-a963-462c494fb6fd.binning_data.json,335,31301,,32.8622,2026-01-20 06:52:36.168,2026-01-20 06:52:36.168,,35.76628,35.661167,33.127995,,34.705154,UTC+0100,VhFspb+oN4,,com.sec.android.app.shealth,2026-01-20 06:32:00.000,989184fa-aac5-496c-a963-462c494fb6fd,
,34.24223,1173.1406,34.470387,2026-01-20 23:07:00.000,d02e2c19-2699-43e2-888f-f7235c86d28b.binning_data.json,326,31301,,32.92556,2026-01-21 05:07:06.465,2026-01-21 05:07:06.465,,35.7817,35.39621,32.682693,,34.24223,UTC+0100,VhFspb+oN4,,com.sec.android.app.shealth,2026-01-21 04:46:00.000,d02e2c19-2699-43e2-888f-f7235c86d28b,
,34.203568,1170.7467,34.49351,2026-01-21 23:49:00.000,d3517f6b-8058-4728-98ca-88500a4a0b9a.binning_data.json,361,31301,,32.957245,2026-01-22 06:31:57.194,2026-01-22 06:31:57.194,,35.75576,35.671066,32.591766,,34.203568,UTC+0100,VhFspb+oN4,,com.sec.android.app.shealth,2026-01-22 06:06:00.000,d3517f6b-8058-4728-98ca-88500a4a0b9a,
,34.95703,1222.1881,34.481182,2026-01-22 23:47:00.000,cc3c593d-bc7b-49ec-ad40-4be30246441e.binning_data.json,354,31301,,32.93575,2026-01-23 06:01:38.624,2026-01-23 06:01:38.624,,35.750774,35.803528,34.055225,,34.95703,UTC+0100,VhFspb+oN4,,com.sec.android.app.shealth,2026-01-23 06:00:00.000,cc3c593d-bc7b-49ec-ad40-4be30246441e,
,34.30635,1177.6825,34.470448,2026-01-25 03:45:00.000,df558808-f701-4a8b-9a09-1fa580063a26.binning_data.json,293,31301,,32.889305,2026-01-25 09:21:34.854,2026-01-25 09:21:34.854,,35.704945,35.605015,32.92583,,34.30635,UTC+0100,VhFspb+oN4,,com.sec.android.app.shealth,2026-01-25 08:56:00.000,df558808-f701-4a8b-9a09-1fa580063a26,
,34.410126,1184.9514,34.464462,2026-01-25 22:49:00.000,bf29c609-6079-4b97-a05c-1877b840c310.binning_data.json,338,31301,,32.89159,2026-01-26 04:46:00.183,2026-01-26 04:46:00.183,,35.6987,36.248287,32.195015,,34.410126,UTC+0100,VhFspb+oN4,,com.sec.android.app.shealth,2026-01-26 04:45:00.000,bf29c609-6079-4b97-a05c-1877b840c310,
,34.393898,1183.3335,34.45459,2026-01-27 00:57:00.000,814d0adf-b8a8-4db5-9bf9-489d1871cff8.binning_data.json,427,31301,,32.883244,2026-01-27 08:44:51.100,2026-01-27 08:44:51.100,,35.7312,35.656628,33.12739,,34.393898,UTC+0100,VhFspb+oN4,,com.sec.android.app.shealth,2026-01-27 08:17:00.000,814d0adf-b8a8-4db5-9bf9-489d1871cff8,
,34.73622,1207.143,34.451466,2026-01-27 22:58:00.000,98952f7f-3bee-4afa-abb7-04c91c770031.binning_data.json,332,31301,,32.897606,2026-01-28 05:02:30.362,2026-01-28 05:02:30.362,,35.726814,36.138126,32.754066,,34.73622,UTC+0100,VhFspb+oN4,,com.sec.android.app.shealth,2026-01-28 04:48:00.000,98952f7f-3bee-4afa-abb7-04c91c770031,
,34.955418,1222.362,34.461666,2026-01-28 22:56:00.000,8acfd1e3-623d-433e-bd8f-6060e5dc6d48.binning_data.json,409,31301,,32.87077,2026-01-29 06:05:56.715,2026-01-29 06:05:56.715,,35.747143,36.219547,33.593613,,34.955418,UTC+0100,VhFspb+oN4,,com.sec.android.app.shealth,2026-01-29 06:05:00.000,8acfd1e3-623d-433e-bd8f-6060e5dc6d48,
,35.084385,1231.6324,34.484886,2026-01-30 00:20:00.000,a5b608b6-58f0-4883-81bc-7ed73f667707.binning_data.json,342,31301,,32.91093,2026-01-30 06:38:22.471,2026-01-30 06:38:22.471,,35.773388,36.5545,33.668484,,35.084385,UTC+0100,VhFspb+oN4,,com.sec.android.app.shealth,2026-01-30 06:13:00.000,a5b608b6-58f0-4883-81bc-7ed73f667707,
,34.25768,1174.4198,34.50495,2026-01-31 01:48:00.000,62f88c32-785d-42f1-b118-2fee7c4f15d2.binning_data.json,429,31301,,32.909317,2026-01-31 09:28:47.004,2026-01-31 09:28:47.004,,35.772232,36.00877,31.846008,,34.25768,UTC+0100,VhFspb+oN4,,com.sec.android.app.shealth,2026-01-31 09:13:00.000,62f88c32-785d-42f1-b118-2fee7c4f15d2,
,34.42966,1185.7882,34.504185,2026-02-01 02:23:00.000,386c31ab-f92d-4f14-abc4-9f151f7c492a.binning_data.json,320,31301,,32.84642,2026-02-01 08:24:51.121,2026-02-01 08:24:51.121,,35.80826,35.96445,33.410507,,34.42966,UTC+0100,VhFspb+oN4,,com.sec.android.app.shealth,2026-02-01 08:00:00.000,386c31ab-f92d-4f14-abc4-9f151f7c492a,
,34.501194,1191.0098,34.49872,2026-02-02 01:27:00.000,395a1b70-8b1f-45d2-a94a-6bbecbc0e8e2.binning_data.json,507,31301,,32.8474,2026-02-02 10:41:15.567,2026-02-02 10:41:15.567,,35.810036,35.99745,32.775547,,34.501194,UTC+0100,VhFspb+oN4,,com.sec.android.app.shealth,2026-02-02 10:11:00.000,395a1b70-8b1f-45d2-a94a-6bbecbc0e8e2,
,34.509136,1191.2731,34.498863,2026-02-03 01:06:00.000,9e692284-cea4-403f-8dfb-46fe46804c1a.binning_data.json,336,31301,,32.84341,2026-02-03 07:23:45.579,2026-02-03 07:23:45.579,,35.82045,35.307617,32.851616,,34.509136,UTC+0100,VhFspb+oN4,,com.sec.android.app.shealth,2026-02-03 06:57:00.000,9e692284-cea4-403f-8dfb-46fe46804c1a,
,34.392246,1183.2506,34.52436,2026-02-04 01:02:00.000,4c7d2610-9d23-40e0-b41a-d6e7e2199981.binning_data.json,429,31301,,32.866013,2026-02-04 08:43:44.623,2026-02-04 08:43:44.623,,35.82045,35.850876,33.3555,,34.392246,UTC+0100,VhFspb+oN4,,com.sec.android.app.shealth,2026-02-04 08:28:00.000,4c7d2610-9d23-40e0-b41a-d6e7e2199981,
,34.65727,1201.4766,34.513676,2026-02-05 01:25:00.000,9c5178f4-08f4-494f-9c11-171b29102850.binning_data.json,502,31301,,32.931553,2026-02-05 10:20:03.937,2026-02-05 10:20:03.937,,35.79997,35.845947,33.24215,,34.65727,UTC+0100,VhFspb+oN4,,com.sec.android.app.shealth,2026-02-05 10:02:00.000,9c5178f4-08f4-494f-9c11-171b29102850,
,34.46975,1188.4425,34.528473,2026-02-06 01:44:00.000,3660bfc8-0ca3-4b26-a62d-9b7b908b5542.binning_data.json,416,31301,,32.93418,2026-02-06 09:11:01.131,2026-02-06 09:11:01.131,,35.81003,35.33986,33.306053,,34.46975,UTC+0100,VhFspb+oN4,,com.sec.android.app.shealth,2026-02-06 08:55:00.000,3660bfc8-0ca3-4b26-a62d-9b7b908b5542,
,34.854443,1215.1254,34.522823,2026-02-07 02:26:00.000,8d815799-1c0f-4a26-905d-3206c44846a6.binning_data.json,349,31301,,32.958233,2026-02-07 09:02:16.624,2026-02-07 09:02:16.624,,35.78379,35.930744,33.79773,,34.854443,UTC+0100,VhFspb+oN4,,com.sec.android.app.shealth,2026-02-07 08:32:00.000,8d815799-1c0f-4a26-905d-3206c44846a6,
,35.236385,1242.1777,34.535393,2026-02-08 02:03:00.000,2b5c68ef-cdf9-4182-8212-98418fc79cc6.binning_data.json,374,31301,,32.993603,2026-02-08 08:58:03.842,2026-02-08 08:58:03.842,,35.791523,36.544003,33.76717,,35.236385,UTC+0100,VhFspb+oN4,,com.sec.android.app.shealth,2026-02-08 08:33:00.000,2b5c68ef-cdf9-4182-8212-98418fc79cc6,
,34.423847,1185.8508,34.5574,2026-02-10 02:58:00.000,5e950780-d5e1-4032-9987-5ee1c7a64f0c.binning_data.json,374,31301,,33.02827,2026-02-10 09:58:57.074,2026-02-10 09:58:57.074,,35.805294,35.629124,32.495903,,34.423847,UTC+0100,VhFspb+oN4,,com.sec.android.app.shealth,2026-02-10 09:28:00.000,5e950780-d5e1-4032-9987-5ee1c7a64f0c,
,34.11468,1164.4377,34.55545,2026-02-11 01:47:00.000,50fb7597-7d60-477b-a652-bedf0e9bd095.binning_data.json,493,31301,,33.009247,2026-02-11 10:25:09.053,2026-02-11 10:25:09.053,,35.81408,35.526596,32.134647,,34.11468,UTC+0100,VhFspb+oN4,,com.sec.android.app.shealth,2026-02-11 10:15:00.000,50fb7597-7d60-477b-a652-bedf0e9bd095,
,34.86922,1216.2812,34.548656,2026-02-12 03:05:00.000,009b94ec-2d96-46d5-a044-4c9ad74e1899.binning_data.json,461,31301,,33.009247,2026-02-12 11:36:48.705,2026-02-12 11:36:48.705,,35.798656,35.843655,32.924038,,34.86922,UTC+0100,VhFspb+oN4,,com.sec.android.app.shealth,2026-02-12 11:11:00.000,009b94ec-2d96-46d5-a044-4c9ad74e1899,
,34.703094,1204.8064,34.545235,2026-02-13 00:30:00.000,b7993081-86f0-42fb-b534-b82031816423.binning_data.json,436,31301,,32.970013,2026-02-13 08:26:25.514,2026-02-13 08:26:25.514,,35.79106,35.871696,33.28543,,34.703094,UTC+0100,VhFspb+oN4,,com.sec.android.app.shealth,2026-02-13 08:01:00.000,b7993081-86f0-42fb-b534-b82031816423,
,34.084602,1162.5848,34.55237,2026-02-14 00:45:00.000,4ebca652-f6f1-47a6-9a68-14f55695691e.binning_data.json,398,31301,,32.98661,2026-02-14 08:06:00.741,2026-02-14 08:06:00.741,,35.795307,35.98239,32.779503,,34.084602,UTC+0100,VhFspb+oN4,,com.sec.android.app.shealth,2026-02-14 07:38:00.000,4ebca652-f6f1-47a6-9a68-14f55695691e,
,34.881,1216.984,34.558136,2026-02-16 02:53:00.000,f24db017-0a6f-4326-9658-74a3ef4227a3.binning_data.json,460,31301,,33.049892,2026-02-16 11:15:01.251,2026-02-16 11:15:01.251,,35.844822,35.603798,33.42108,,34.881,UTC+0100,VhFspb+oN4,,com.sec.android.app.shealth,2026-02-16 10:48:00.000,f24db017-0a6f-4326-9658-74a3ef4227a3,
,34.339592,1179.6586,34.568623,2026-02-17 01:49:00.000,c3306a6c-ffaf-452c-b2f8-f61f6e6817bc.binning_data.json,416,31301,,33.066177,2026-02-17 09:28:03.106,2026-02-17 09:28:03.106,,35.841637,35.831356,32.834507,,34.339592,UTC+0100,VhFspb+oN4,,com.sec.android.app.shealth,2026-02-17 09:01:00.000,c3306a6c-ffaf-452c-b2f8-f61f6e6817bc,
,34.409027,1184.722,34.569786,2026-02-18 02:15:00.000,f879706e-56c7-41c7-8995-c3be5ed82671.binning_data.json,429,31301,,33.07461,2026-02-18 09:42:45.835,2026-02-18 09:42:45.835,,35.858566,35.717407,32.444477,,34.409027,UTC+0100,VhFspb+oN4,,com.sec.android.app.shealth,2026-02-18 09:41:00.000,f879706e-56c7-41c7-8995-c3be5ed82671,
,34.335037,1179.3335,34.57636,2026-02-19 01:57:00.000,fa623c78-377b-46b5-8878-7298acd9cc29.binning_data.json,473,31301,,33.06643,2026-02-19 10:36:52.738,2026-02-19 10:36:52.738,,35.86114,35.273724,32.717854,,34.335037,UTC+0100,VhFspb+oN4,,com.sec.android.app.shealth,2026-02-19 10:06:00.000,fa623c78-377b-46b5-8878-7298acd9cc29,
,33.874214,1147.931,34.55081,2026-02-20 02:51:00.000,b6a8db36-03d9-4552-b869-a53663d701fb.binning_data.json,328,31301,,33.01362,2026-02-20 08:51:00.871,2026-02-20 08:51:00.871,,35.845757,35.277164,32.566975,,33.874214,UTC+0100,VhFspb+oN4,,com.sec.android.app.shealth,2026-02-20 08:32:00.000,b6a8db36-03d9-4552-b869-a53663d701fb,
,34.500362,1190.5487,34.53544,2026-02-22 03:03:00.000,28bdd872-1b93-4363-87d0-f77c86be65c3.binning_data.json,374,31301,,32.99368,2026-02-22 09:54:39.432,2026-02-22 09:54:39.432,,35.831028,35.779064,33.544388,,34.500362,UTC+0100,VhFspb+oN4,,com.sec.android.app.shealth,2026-02-22 09:30:00.000,28bdd872-1b93-4363-87d0-f77c86be65c3,
,34.77235,1209.3724,34.544994,2026-02-24 01:32:00.000,2a5448f0-afd4-478d-8662-4956582820cc.binning_data.json,282,31301,,33.050514,2026-02-24 06:35:23.802,2026-02-24 06:35:23.802,,35.815376,35.843735,33.29707,,34.77235,UTC+0100,VhFspb+oN4,,com.sec.android.app.shealth,2026-02-24 06:30:00.000,2a5448f0-afd4-478d-8662-4956582820cc,
,35.559208,1264.7001,34.551624,2026-02-24 07:14:00.000,9b2d29e0-d816-4a64-ad32-0b3b1b70d059.binning_data.json,88,31301,,33.064213,2026-02-24 09:11:52.908,2026-02-24 09:11:52.908,,35.81695,36.021267,34.290752,,35.559208,UTC+0100,VhFspb+oN4,,com.sec.android.app.shealth,2026-02-24 09:00:00.000,9b2d29e0-d816-4a64-ad32-0b3b1b70d059,
,34.317936,1178.2606,34.55453,2026-02-25 02:12:00.000,9604f932-90aa-4e62-b823-563c027b2d88.binning_data.json,375,31301,,33.11501,2026-02-25 09:03:51.417,2026-02-25 09:03:51.417,,35.81046,35.35458,32.487564,,34.317936,UTC+0100,VhFspb+oN4,,com.sec.android.app.shealth,2026-02-25 08:47:00.000,9604f932-90aa-4e62-b823-563c027b2d88,
,34.811977,1212.4084,34.527622,2026-02-26 02:33:00.000,e0bff6d5-e086-4db1-8508-b7c4c0922c46.binning_data.json,432,31301,,33.053562,2026-02-26 10:30:16.294,2026-02-26 10:30:16.294,,35.77342,36.158955,33.448704,,34.811977,UTC+0100,VhFspb+oN4,,com.sec.android.app.shealth,2026-02-26 10:05:00.000,e0bff6d5-e086-4db1-8508-b7c4c0922c46,
,34.517857,1191.7372,34.536736,2026-03-01 02:56:00.000,8865ee49-89b4-44ed-a107-28343af73f75.binning_data.json,365,31301,,33.052895,2026-03-01 09:29:13.097,2026-03-01 09:29:13.097,,35.74677,35.308296,32.81252,,34.517857,UTC+0100,VhFspb+oN4,,com.sec.android.app.shealth,2026-03-01 09:14:00.000,8865ee49-89b4-44ed-a107-28343af73f75,
,34.622974,1199.0836,34.538033,2026-03-02 00:41:00.000,4607f519-4296-461e-bcf6-695a15e2a1d0.binning_data.json,123,31301,,33.055206,2026-03-02 03:04:34.437,2026-03-02 03:04:34.437,,35.703697,35.428333,33.55182,,34.622974,UTC+0100,VhFspb+oN4,,com.sec.android.app.shealth,2026-03-02 02:59:00.000,4607f519-4296-461e-bcf6-695a15e2a1d0,
,34.524845,1192.0953,34.53923,2026-03-02 03:23:00.000,4aae8e27-fe98-4df6-b9d1-6cca798d6625.binning_data.json,200,31301,,33.08442,2026-03-02 07:27:00.548,2026-03-02 07:27:00.548,,35.6875,35.109947,33.82933,,34.524845,UTC+0100,VhFspb+oN4,,com.sec.android.app.shealth,2026-03-02 06:57:00.000,4aae8e27-fe98-4df6-b9d1-6cca798d6625,
,34.465405,1188.1035,34.540073,2026-03-03 00:54:00.000,af9b97df-d7d8-482e-888f-21f1fbe02346.binning_data.json,381,31301,,33.138275,2026-03-03 07:46:03.528,2026-03-03 07:46:03.528,,35.6875,35.363773,33.32472,,34.465405,UTC+0100,VhFspb+oN4,,com.sec.android.app.shealth,2026-03-03 07:29:00.000,af9b97df-d7d8-482e-888f-21f1fbe02346,
,34.33787,1179.5299,34.544174,2026-03-04 00:17:00.000,162a7d02-efde-4c1e-b462-3a1f3afb8d21.binning_data.json,480,31301,,33.13646,2026-03-04 08:35:13.906,2026-03-04 08:35:13.906,,35.658844,35.88616,32.666374,,34.33787,UTC+0100,VhFspb+oN4,,com.sec.android.app.shealth,2026-03-04 08:30:00.000,162a7d02-efde-4c1e-b462-3a1f3afb8d21,
,34.97542,1223.4982,34.52586,2026-03-04 23:40:00.000,823e7f29-3a19-4ec0-9834-886f3478e392.binning_data.json,308,31301,,33.102592,2026-03-05 05:14:37.510,2026-03-05 05:14:37.510,,35.661213,35.781322,33.910233,,34.97542,UTC+0100,VhFspb+oN4,,com.sec.android.app.shealth,2026-03-05 05:03:00.000,823e7f29-3a19-4ec0-9834-886f3478e392,
,34.563175,1194.8778,34.545124,2026-03-06 00:28:00.000,e5aaea1d-e9af-4731-acd1-9ddef6cc01f2.binning_data.json,351,31301,,33.13151,2026-03-06 06:35:06.878,2026-03-06 06:35:06.878,,35.687176,35.521534,33.3253,,34.563175,UTC+0100,VhFspb+oN4,,com.sec.android.app.shealth,2026-03-06 06:34:00.000,e5aaea1d-e9af-4731-acd1-9ddef6cc01f2,
,34.04131,1159.1818,34.50026,2026-03-08 00:12:00.000,4ccfdf14-fe80-4645-9e70-6be75f8063af.binning_data.json,436,31301,,33.06226,2026-03-08 08:11:18.796,2026-03-08 08:11:18.796,,35.64315,35.284897,32.86929,,34.04131,UTC+0100,VhFspb+oN4,,com.sec.android.app.shealth,2026-03-08 07:46:00.000,4ccfdf14-fe80-4645-9e70-6be75f8063af,
,34.486694,1189.5607,34.476612,2026-03-08 23:19:00.000,ce0a3aa5-d165-4e95-8477-9cecb00b5f94.binning_data.json,388,31301,,33.050907,2026-03-09 06:17:58.308,2026-03-09 06:17:58.308,,35.622078,35.372536,32.665386,,34.486694,UTC+0100,VhFspb+oN4,,com.sec.android.app.shealth,2026-03-09 06:02:00.000,ce0a3aa5-d165-4e95-8477-9cecb00b5f94,
,34.431988,1186.0988,34.479404,2026-03-09 23:48:00.000,f8e54cd0-72e3-4608-9475-6d61020f60ef.binning_data.json,442,31301,,33.06088,2026-03-10 07:53:12.440,2026-03-10 07:53:12.440,,35.606983,35.873997,33.10989,,34.431988,UTC+0100,VhFspb+oN4,,com.sec.android.app.shealth,2026-03-10 07:30:00.000,f8e54cd0-72e3-4608-9475-6d61020f60ef,
,34.648895,1200.9918,34.498257,2026-03-11 00:19:00.000,d68e8d22-f595-40fe-8b49-6fe46f92e7f2.binning_data.json,433,31301,,33.09281,2026-03-11 08:14:21.201,2026-03-11 08:14:21.201,,35.62742,35.68822,33.29468,,34.648895,UTC+0100,VhFspb+oN4,,com.sec.android.app.shealth,2026-03-11 07:50:00.000,d68e8d22-f595-40fe-8b49-6fe46f92e7f2,
,34.226086,1171.7626,34.485657,2026-03-11 23:18:00.000,98b6f22e-ff70-442f-9be2-c649bc09faf1.binning_data.json,398,31301,,33.114613,2026-03-12 06:20:22.927,2026-03-12 06:20:22.927,,35.61828,35.495457,32.933308,,34.226086,UTC+0100,VhFspb+oN4,,com.sec.android.app.shealth,2026-03-12 06:11:00.000,98b6f22e-ff70-442f-9be2-c649bc09faf1,
,34.37796,1182.2404,34.46196,2026-03-12 22:06:00.000,97c0d959-2624-4440-b078-002a34164763.binning_data.json,501,31301,,33.093903,2026-03-13 06:50:00.325,2026-03-13 06:50:00.325,,35.596146,35.86896,32.830433,,34.37796,UTC+0100,VhFspb+oN4,,com.sec.android.app.shealth,2026-03-13 06:44:00.000,97c0d959-2624-4440-b078-002a34164763,
,34.260597,1174.0879,34.474735,2026-03-13 23:38:00.000,275fd19d-3f1f-4f8d-8887-35afb1db2a7d.binning_data.json,388,31301,,33.096897,2026-03-14 06:46:22.345,2026-03-14 06:46:22.345,,35.59513,35.41803,33.423344,,34.260597,UTC+0100,VhFspb+oN4,,com.sec.android.app.shealth,2026-03-14 06:20:00.000,275fd19d-3f1f-4f8d-8887-35afb1db2a7d,
,34.054886,1159.9692,34.465347,2026-03-15 00:48:00.000,2e047d73-e66d-46ce-b9ef-54922a5a9f61.binning_data.json,296,31301,,33.115036,2026-03-15 06:22:58.208,2026-03-15 06:22:58.208,,35.585297,35.280533,33.11674,,34.054886,UTC+0100,VhFspb+oN4,,com.sec.android.app.shealth,2026-03-15 05:57:00.000,2e047d73-e66d-46ce-b9ef-54922a5a9f61,
,34.23104,1172.1826,34.452065,2026-03-15 06:19:00.000,1830043e-8be7-4dd9-9a86-2a0382457aad.binning_data.json,75,31301,,33.115124,2026-03-15 08:06:38.702,2026-03-15 08:06:38.702,,35.569256,35.42671,33.244,,34.23104,UTC+0100,VhFspb+oN4,,com.sec.android.app.shealth,2026-03-15 07:48:00.000,1830043e-8be7-4dd9-9a86-2a0382457aad,
,34.715755,1205.6667,34.427654,2026-03-16 01:05:00.000,b068ab3e-7629-45b7-b3f9-ddb7dc3287ee.binning_data.json,417,31301,,33.105804,2026-03-16 08:44:06.263,2026-03-16 08:44:06.263,,35.559937,35.678352,33.26152,,34.715755,UTC+0100,VhFspb+oN4,,com.sec.android.app.shealth,2026-03-16 08:18:00.000,b068ab3e-7629-45b7-b3f9-ddb7dc3287ee,
,34.682285,1203.2872,34.445545,2026-03-17 00:45:00.000,c7b11bcb-08ff-42b0-8226-6cee1afd0427.binning_data.json,396,31301,,33.12828,2026-03-17 08:01:02.395,2026-03-17 08:01:02.395,,35.551884,35.885822,33.10844,,34.682285,UTC+0100,VhFspb+oN4,,com.sec.android.app.shealth,2026-03-17 07:35:00.000,c7b11bcb-08ff-42b0-8226-6cee1afd0427,
